,เบอร์,ผลรวม,เครือข่าย,โปร,ราคา,สถานะ,ผู้ขาย,,
1,096-141-4645,40,TRUE,เติมเงิน,"12,900",,,,
2,096-141-5145,36,TRUE,เติมเงิน,"12,900",,,,
3,095-141-5156,37,TRUE,เติมเงิน,"12,900",,,,
4,096-141-5424,36,TRUE,เติมเงิน,"14,900",,,,
5,096-141-5451,36,TRUE,เติมเงิน,"19,900",,,,
6,096-141-5541,36,TRUE,เติมเงิน,"9,900",,,,
7,096-141-5619,42,TRUE,เติมเงิน,"19,900",,,,
8,097-141-5989,53,TRUE,เติมเงิน,"14,900",,,,
9,096-141-6454,40,TRUE,เติมเงิน,"7,900",,,,
10,096-141-6465,42,TRUE,เติมเงิน,"12,900",,,,
11,096-141-6564,42,TRUE,เติมเงิน,"7,900",,,,
12,096-141-6591,42,TRUE,เติมเงิน,"8,900",,,,
13,096-141-6915,42,TRUE,เติมเงิน,"14,900",,,,
14,096-141-6945,45,TRUE,เติมเงิน,"14,900",,,,
15,096-141-6954,45,TRUE,เติมเงิน,"11,900",,,,
16,096-141-9156,42,TRUE,เติมเงิน,"14,900",,,,
17,096-141-9451,40,TRUE,เติมเงิน,"9,000",,,,
18,096-141-9541,40,TRUE,เติมเงิน,"12,900",,,,
19,096-141-9615,42,TRUE,เติมเงิน,"7,900",,,,
20,096-141-9915,45,TRUE,เติมเงิน,"7,900",,,,
21,096-142-2951,39,TRUE,เติมเงิน,"14,900",,,,
22,096-142-4145,36,TRUE,เติมเงิน,"22,900",,,,
23,096-142-4154,36,TRUE,เติมเงิน,"8,900",,,,
24,084-142-4191,34,TRUE,เติมเงิน,"5,900",,,,
25,096-142-4451,36,TRUE,เติมเงิน,"11,900",,,,
26,095-142-4465,40,TRUE,เติมเงิน,"22,900",,,,
27,096-142-4514,36,TRUE,เติมเงิน,"19,900",,,,
28,096-142-4541,36,TRUE,เติมเงิน,"14,900",,,,
29,096-142-6959,51,TRUE,เติมเงิน,"12,900",,,,
30,095-142-9245,41,TRUE,เติมเงิน,"14,900",,,,
31,096-142-9424,41,TRUE,เติมเงิน,"12,900",,,,
32,095-142-9491,44,TRUE,เติมเงิน,"6,900",,,,
33,096-142-9515,42,TRUE,เติมเงิน,"14,900",,,,
34,096-142-9564,46,TRUE,เติมเงิน,"14,900",,,,
35,095-142-9591,45,TRUE,เติมเงิน,"12,900",,,,
36,096-142-9915,46,TRUE,เติมเงิน,"22,900",,,,
37,096-145-1415,36,TRUE,เติมเงิน,"22,900",,,,
38,096-145-1424,36,TRUE,เติมเงิน,"14,900",,,,
39,094-145-1454,37,TRUE,เติมเงิน,"14,900",,,,
40,096-145-1495,44,TRUE,เติมเงิน,"24,900",,,,
41,096-145-1565,42,TRUE,เติมเงิน,"29,900",,,,
42,095-145-1645,40,TRUE,เติมเงิน,"22,900",,,,
43,096-145-4159,44,TRUE,เติมเงิน,"24,900",,,,
44,095-145-4194,42,TRUE,เติมเงิน,"14,900",,,,
45,095-145-4264,40,TRUE,เติมเงิน,"14,900",,,,
46,096-145-4265,42,TRUE,เติมเงิน,"29,900",,,,
47,095-145-4595,47,TRUE,เติมเงิน,"24,900",,,,
48,095-145-4615,40,TRUE,เติมเงิน,"24,900",,,,
49,096-145-4645,44,TRUE,เติมเงิน,"24,900",,,,
50,096-145-4915,44,TRUE,เติมเงิน,"24,900",,,,
51,096-145-5145,40,TRUE,เติมเงิน,"24,900",,,,
52,096-145-5156,42,TRUE,เติมเงิน,"29,900",,,,
53,096-145-5165,42,TRUE,เติมเงิน,"29,900",,,,
54,096-145-5356,44,TRUE,เติมเงิน,"32,900",,,,
55,096-145-5464,44,TRUE,เติมเงิน,"14,900",,,,
56,096-145-5619,46,TRUE,เติมเงิน,"28,900",,,,
57,096-145-6191,42,TRUE,เติมเงิน,"12,900",,,,
58,096-145-6454,44,TRUE,เติมเงิน,"14,900",,,,
59,096-145-6459,49,TRUE,เติมเงิน,"28,900",,,,
60,095-145-6514,40,TRUE,เติมเงิน,"14,900",,,,
61,096-145-6515,42,TRUE,เติมเงิน,"24,900",,,,
62,096-145-6915,46,TRUE,เติมเงิน,"24,900",,,,
63,095-145-6916,46,TRUE,เติมเงิน,"12,900",,,,
64,096-145-6956,51,TRUE,เติมเงิน,"32,900",,,,
65,096-145-9161,42,TRUE,เติมเงิน,"12,900",,,,
66,096-145-9515,45,TRUE,เติมเงิน,"24,900",,,,
67,096-145-9695,54,TRUE,เติมเงิน,"24,900",,,,
68,096-145-9956,54,TRUE,เติมเงิน,"29,900",,,,
69,096-145-9965,54,TRUE,เติมเงิน,"29,900",,,,
70,095-146-1424,36,TRUE,เติมเงิน,"14,900",,,,
71,095-146-1945,44,TRUE,เติมเงิน,"24,900",,,,
72,096-146-1951,42,TRUE,เติมเงิน,"14,900",,,,
73,096-146-1959,50,TRUE,เติมเงิน,"29,900",,,,
74,095-146-2915,42,TRUE,เติมเงิน,"24,900",,,,
75,096-146-2945,46,TRUE,เติมเงิน,"24,900",,,,
76,081-469-3559,50,TRUE,เติมเงิน,"19,900",,,,
77,096-146-4165,42,TRUE,เติมเงิน,"29,900",,,,
78,096-146-4546,45,TRUE,เติมเงิน,"14,900",,,,
79,096-146-6154,42,TRUE,เติมเงิน,"14,900",,,,
80,095-146-6965,51,TRUE,เติมเงิน,"29,900",,,,
81,096-146-9159,50,TRUE,เติมเงิน,"29,900",,,,
82,096-146-9245,46,TRUE,เติมเงิน,"24,900",,,,
83,095-146-9515,45,TRUE,เติมเงิน,"34,900",,,,
84,081-469-9656,54,TRUE,เติมเงิน,"29,900",,,,
85,096-149-1415,40,TRUE,เติมเงิน,"32,900",,,,
86,096-149-1465,45,TRUE,เติมเงิน,"29,900",,,,
87,096-149-1514,40,TRUE,เติมเงิน,"14,900",,,,
88,096-149-1541,40,TRUE,เติมเงิน,"12,900",,,,
89,096-149-1545,44,TRUE,เติมเงิน,"34,900",,,,
90,096-149-1645,45,TRUE,เติมเงิน,"34,900",,,,
91,096-149-1965,50,TRUE,เติมเงิน,"29,900",,,,
92,096-149-2956,51,TRUE,เติมเงิน,"34,900",,,,
93,096-149-4165,45,TRUE,เติมเงิน,"29,900",,,,
94,096-149-4191,44,TRUE,เติมเงิน,"12,900",,,,
95,096-149-4461,44,TRUE,เติมเงิน,"12,900",,,,
96,096-149-4495,51,TRUE,เติมเงิน,"27,900",,,,
97,064-149-4954,46,TRUE,เติมเงิน,"14,900",,,,
98,064-149-5154,39,TRUE,เติมเงิน,"14,900",,,,
99,096-149-5154,44,TRUE,เติมเงิน,"14,900",,,,
100,094-149-5465,47,TRUE,เติมเงิน,"29,900",,,,
101,097-149-5653,49,TRUE,เติมเงิน,"22,900",,,,
102,094-149-5654,47,TRUE,เติมเงิน,"14,900",,,,
103,096-149-6245,46,TRUE,เติมเงิน,"34,900",,,,
104,096-149-6415,45,TRUE,เติมเงิน,"34,900",,,,
105,096-149-6514,45,TRUE,เติมเงิน,"14,900",,,,
106,096-149-6924,50,TRUE,เติมเงิน,"14,900",,,,
107,096-149-6946,54,TRUE,เติมเงิน,"12,900",,,,
108,096-149-8297,55,TRUE,เติมเงิน,"29,900",,,,
109,096-149-9565,54,TRUE,เติมเงิน,"29,900",,,,
110,096-149-9656,55,TRUE,เติมเงิน,"34,900",,,,
111,096-151-4541,36,TRUE,เติมเงิน,"14,900",,,,
112,096-151-4565,42,TRUE,เติมเงิน,"29,900",,,,
113,097-153-2923,41,TRUE,เติมเงิน,"19,900",,,,
114,094-153-5141,33,TRUE,เติมเงิน,"14,900",,,,
115,097-153-5329,44,TRUE,เติมเงิน,"24,900",,,,
116,064-153-6454,38,TRUE,เติมเงิน,"14,900",,,,
117,064-153-9654,43,TRUE,เติมเงิน,"14,900",,,,
118,096-154-1495,44,TRUE,เติมเงิน,"29,900",,,,
119,096-154-1546,41,TRUE,เติมเงิน,"12,900",,,,
120,096-154-1564,41,TRUE,เติมเงิน,"14,900",,,,
121,096-154-1645,41,TRUE,เติมเงิน,"32,900",,,,
122,064-154-1945,39,TRUE,เติมเงิน,"32,900",,,,
123,096-154-1945,44,TRUE,เติมเงิน,"32,900",,,,
124,096-154-2324,36,TRUE,เติมเงิน,"14,900",,,,
125,096-154-2459,45,TRUE,เติมเงิน,"24,900",,,,
126,096-154-2465,42,TRUE,เติมเงิน,"29,900",,,,
127,096-154-4151,36,TRUE,เติมเงิน,"14,900",,,,
128,096-154-4165,41,TRUE,เติมเงิน,"29,900",,,,
129,096-154-4265,42,TRUE,เติมเงิน,"29,900",,,,
130,094-154-4965,47,TRUE,เติมเงิน,"29,900",,,,
131,096-154-5141,36,TRUE,เติมเงิน,"14,900",,,,
132,096-154-5165,42,TRUE,เติมเงิน,"29,900",,,,
133,064-154-5356,39,TRUE,เติมเงิน,"34,900",,,,
134,096-154-6245,42,TRUE,เติมเงิน,"32,900",,,,
135,097-154-6299,52,TRUE,เติมเงิน,"19,900",,,,
136,096-154-6515,42,TRUE,เติมเงิน,"32,900",,,,
137,096-154-9156,46,TRUE,เติมเงิน,"34,900",,,,
138,096-154-9415,44,TRUE,เติมเงิน,"32,900",,,,
139,096-154-9956,54,TRUE,เติมเงิน,"32,900",,,,
140,096-156-1941,42,TRUE,เติมเงิน,"14,900",,,,
141,096-156-1959,51,TRUE,เติมเงิน,"29,900",,,,
142,096-156-2454,42,TRUE,เติมเงิน,"17,900",,,,
143,096-156-2924,44,TRUE,เติมเงิน,"17,900",,,,
144,096-156-2989,55,TRUE,เติมเงิน,"34,900",,,,
145,096-156-4146,42,TRUE,เติมเงิน,"12,900",,,,
146,096-156-4164,42,TRUE,เติมเงิน,"17,900",,,,
147,096-156-4195,46,TRUE,เติมเงิน,"34,900",,,,
148,096-156-4415,41,TRUE,เติมเงิน,"37,900",,,,
149,096-156-4515,42,TRUE,เติมเงิน,"39,900",,,,
150,096-156-4546,46,TRUE,เติมเงิน,"14,900",,,,
151,096-156-4956,51,TRUE,เติมเงิน,"34,900",,,,
152,096-156-4959,54,TRUE,เติมเงิน,"39,900",,,,
153,096-156-4964,50,TRUE,เติมเงิน,"17,900",,,,
154,096-156-5156,44,TRUE,เติมเงิน,"34,900",,,,
155,096-156-5165,44,TRUE,เติมเงิน,"32,900",,,,
156,096-156-5363,44,TRUE,เติมเงิน,"17,900",,,,
157,096-156-5415,42,TRUE,เติมเงิน,"39,900",,,,
158,096-156-5451,42,TRUE,เติมเงิน,"14,900",,,,
159,096-156-9495,54,TRUE,เติมเงิน,"34,900",,,,
160,096-156-9514,46,TRUE,เติมเงิน,"17,900",,,,
161,096-156-9941,50,TRUE,เติมเงิน,"14,900",,,,
162,096-156-9954,54,TRUE,เติมเงิน,"14,900",,,,
163,096-159-1491,45,TRUE,เติมเงิน,"14,900",,,,
164,097-159-2293,47,TRUE,เติมเงิน,"17,900",,,,
165,096-159-2451,42,TRUE,เติมเงิน,"14,900",,,,
166,095-159-2454,44,TRUE,เติมเงิน,"17,900",,,,
167,095-159-2965,51,TRUE,เติมเงิน,"32,900",,,,
168,096-159-4246,46,TRUE,เติมเงิน,"14,900",,,,
169,096-159-4965,54,TRUE,เติมเงิน,"32,900",,,,
170,096-159-5649,54,TRUE,เติมเงิน,"34,900",,,,
171,095-159-6195,50,TRUE,เติมเงิน,"34,900",,,,
172,096-159-6195,51,TRUE,เติมเงิน,"34,900",,,,
173,095-159-6245,46,TRUE,เติมเงิน,"39,900",,,,
174,096-159-6459,54,TRUE,เติมเงิน,"39,900",,,,
175,096-159-6514,46,TRUE,เติมเงิน,"17,900",,,,
176,096-159-6519,51,TRUE,เติมเงิน,"39,900",,,,
177,096-159-6595,55,TRUE,เติมเงิน,"34,900",,,,
178,095-159-6659,55,TRUE,เติมเงิน,"34,900",,,,
179,096-159-6959,59,TRUE,เติมเงิน,"39,900",,,,
180,096-159-8916,54,TRUE,เติมเงิน,"14,900",,,,
181,096-159-9159,54,TRUE,เติมเงิน,"39,900",,,,
182,096-159-9163,49,TRUE,เติมเงิน,"17,900",,,,
183,096-159-9165,51,TRUE,เติมเงิน,"32,900",,,,
184,096-159-9249,54,TRUE,เติมเงิน,"39,900",,,,
185,096-159-9565,55,TRUE,เติมเงิน,"32,900",,,,
186,096-159-9591,54,TRUE,เติมเงิน,"14,900",,,,
187,096-159-9645,54,TRUE,เติมเงิน,"39,900",,,,
188,096-159-9691,55,TRUE,เติมเงิน,"14,900",,,,
189,064-223-2265,32,TRUE,เติมเงิน,"29,900",,,,
190,080-223-2366,32,TRUE,เติมเงิน,"12,900",,,,
191,084-223-2879,45,TRUE,เติมเงิน,"34,900",,,,
192,080-223-5153,29,TRUE,เติมเงิน,"17,900",,,,
193,083-223-5495,41,TRUE,เติมเงิน,"24,900",,,,
194,084-223-5654,39,TRUE,เติมเงิน,"14,900",,,,
195,080-223-5954,38,TRUE,เติมเงิน,"12,900",,,,
196,096-223-6156,40,TRUE,เติมเงิน,"32,900",,,,
197,080-223-6299,41,TRUE,เติมเงิน,"24,900",,,,
198,097-223-6653,43,TRUE,เติมเงิน,"17,900",,,,
199,064-223-6695,43,TRUE,เติมเงิน,"24,900",,,,
200,090-223-6946,41,TRUE,เติมเงิน,"12,900",,,,
201,083-223-9929,47,TRUE,เติมเงิน,"29,900",,,,
202,090-223-9965,45,TRUE,เติมเงิน,"29,900",,,,
203,090-224-1465,33,TRUE,เติมเงิน,"29,900",,,,
204,083-224-2287,38,TRUE,เติมเงิน,"24,900",,,,
205,080-224-2649,37,TRUE,เติมเงิน,"24,900",,,,
206,090-224-2654,34,TRUE,เติมเงิน,"12,900",,,,
207,083-224-2665,38,TRUE,เติมเงิน,"29,900",,,,
208,064-224-2979,45,TRUE,เติมเงิน,"24,900",,,,
209,083-224-4265,36,TRUE,เติมเงิน,"29,900",,,,
210,083-224-4651,35,TRUE,เติมเงิน,"14,900",,,,
211,084-224-5919,44,TRUE,เติมเงิน,"29,900",,,,
212,096-224-5954,46,TRUE,เติมเงิน,"12,900",,,,
213,084-224-6149,40,TRUE,เติมเงิน,"24,900",,,,
214,083-224-6415,35,TRUE,เติมเงิน,"29,900",,,,
215,090-224-6461,34,TRUE,เติมเงิน,"14,900",,,,
216,095-224-6591,43,TRUE,เติมเงิน,"14,900",,,,
217,083-224-9829,47,TRUE,เติมเงิน,"34,900",,,,
218,084-224-9879,53,TRUE,เติมเงิน,"39,900",,,,
219,064-224-9964,46,TRUE,เติมเงิน,"12,900",,,,
220,084-226-1454,36,TRUE,เติมเงิน,"12,900",,,,
221,090-226-1465,35,TRUE,เติมเงิน,"29,900",,,,
222,083-226-1656,39,TRUE,เติมเงิน,"32,900",,,,
223,097-226-1697,49,TRUE,เติมเงิน,"24,900",,,,
224,084-226-2451,34,TRUE,เติมเงิน,"14,900",,,,
225,080-226-2465,35,TRUE,เติมเงิน,"29,900",,,,
226,080-226-2959,43,TRUE,เติมเงิน,"34,900",,,,
227,096-226-4191,40,TRUE,เติมเงิน,"14,900",,,,
228,090-226-4295,39,TRUE,เติมเงิน,"24,900",,,,
229,084-226-4495,44,TRUE,เติมเงิน,"24,900",,,,
230,090-226-4515,34,TRUE,เติมเงิน,"29,900",,,,
231,084-226-4519,41,TRUE,เติมเงิน,"34,900",,,,
232,084-226-4694,45,TRUE,เติมเงิน,"12,900",,,,
233,080-226-4935,39,TRUE,เติมเงิน,"32,900",,,,
234,084-226-4954,44,TRUE,เติมเงิน,"12,900",,,,
235,090-226-5354,36,TRUE,เติมเงิน,"12,900",,,,
236,095-226-5494,46,TRUE,เติมเงิน,"12,900",,,,
237,097-226-5515,42,TRUE,เติมเงิน,"29,900",,,,
238,084-226-5616,40,TRUE,เติมเงิน,"12,900",,,,
239,090-226-6265,38,TRUE,เติมเงิน,"29,900",,,,
240,083-226-6324,36,TRUE,เติมเงิน,"12,900",,,,
241,097-226-6359,49,TRUE,เติมเงิน,"34,900",,,,
242,096-226-6365,45,TRUE,เติมเงิน,"29,900",,,,
243,064-226-6395,43,TRUE,เติมเงิน,"24,900",,,,
244,090-226-9365,42,TRUE,เติมเงิน,"29,900",,,,
245,084-226-9464,45,TRUE,เติมเงิน,"12,900",,,,
246,084-226-9514,41,TRUE,เติมเงิน,"12,900",,,,
247,090-226-9699,52,TRUE,เติมเงิน,"24,900",,,,
248,090-228-2265,36,TRUE,เติมเงิน,"29,900",,,,
249,084-228-2459,44,TRUE,เติมเงิน,"34,900",,,,
250,084-228-2495,44,TRUE,เติมเงิน,"29,900",,,,
251,090-228-2629,40,TRUE,เติมเงิน,"29,900",,,,
252,084-228-2645,41,TRUE,เติมเงิน,"32,900",,,,
253,090-228-2656,40,TRUE,เติมเงิน,"32,900",,,,
254,084-228-2924,41,TRUE,เติมเงิน,"12,900",,,,
255,090-228-2949,45,TRUE,เติมเงิน,"29,900",,,,
256,090-228-7924,43,TRUE,เติมเงิน,"12,900",,,,
257,080-229-1516,34,TRUE,เติมเงิน,"12,900",,,,
258,083-229-1535,38,TRUE,เติมเงิน,"32,900",,,,
259,083-229-1536,39,TRUE,เติมเงิน,"12,900",,,,
260,084-229-1545,40,TRUE,เติมเงิน,"32,900",,,,
261,084-229-1645,41,TRUE,เติมเงิน,"32,900",,,,
262,083-229-1663,40,TRUE,เติมเงิน,"17,900",,,,
263,084-229-1956,46,TRUE,เติมเงิน,"32,900",,,,
264,064-229-2294,40,TRUE,เติมเงิน,"12,900",,,,
265,083-229-2354,38,TRUE,เติมเงิน,"12,900",,,,
266,084-229-2645,42,TRUE,เติมเงิน,"32,900",,,,
267,084-229-2829,46,TRUE,เติมเงิน,"34,900",,,,
268,096-229-3651,43,TRUE,เติมเงิน,"18,900",,,,
269,084-229-4191,40,TRUE,เติมเงิน,"14,900",,,,
270,064-229-4459,45,TRUE,เติมเงิน,"29,900",,,,
271,083-229-4539,45,TRUE,เติมเงิน,"34,900",,,,
272,083-229-4559,47,TRUE,เติมเงิน,"24,900",,,,
273,084-229-5154,40,TRUE,เติมเงิน,"12,900",,,,
274,097-229-5195,49,TRUE,เติมเงิน,"24,900",,,,
275,095-229-5541,42,TRUE,เติมเงิน,"14,900",,,,
276,084-229-5915,45,TRUE,เติมเงิน,"32,900",,,,
277,083-229-5989,55,TRUE,เติมเงิน,"29,900",,,,
278,096-229-6165,46,TRUE,เติมเงิน,"29,900",,,,
279,084-229-6265,44,TRUE,เติมเงิน,"29,900",,,,
280,080-229-6623,38,TRUE,เติมเงิน,"17,900",,,,
281,083-229-6645,45,TRUE,เติมเงิน,"32,900",,,,
282,084-229-6956,51,TRUE,เติมเงิน,"32,900",,,,
283,097-229-7965,56,TRUE,เติมเงิน,"29,900",,,,
284,084-229-8245,44,TRUE,เติมเงิน,"32,900",,,,
285,084-229-8246,45,TRUE,เติมเงิน,"12,900",,,,
286,090-229-8295,46,TRUE,เติมเงิน,"24,900",,,,
287,090-229-8915,45,TRUE,เติมเงิน,"32,900",,,,
288,090-229-8956,50,TRUE,เติมเงิน,"32,900",,,,
289,090-229-8965,50,TRUE,เติมเงิน,"29,900",,,,
290,084-229-9295,50,TRUE,เติมเงิน,"24,900",,,,
291,084-229-9415,44,TRUE,เติมเงิน,"32,900",,,,
292,084-229-9646,50,TRUE,เติมเงิน,"12,900",,,,
293,095-232-3615,36,TRUE,เติมเงิน,"32,900",,,,
294,097-232-3651,38,TRUE,เติมเงิน,"18,900",,,,
295,090-232-4245,31,TRUE,เติมเงิน,"32,900",,,,
296,096-232-6414,37,TRUE,เติมเงิน,"12,900",,,,
297,090-232-9154,35,TRUE,เติมเงิน,"12,900",,,,
298,090-232-9556,41,TRUE,เติมเงิน,"32,900",,,,
299,080-232-9615,36,TRUE,เติมเงิน,"32,900",,,,
300,096-235-1454,39,TRUE,เติมเงิน,"12,900",,,,
301,090-235-1594,38,TRUE,เติมเงิน,"12,900",,,,
302,095-235-3514,37,TRUE,เติมเงิน,"12,900",,,,
303,083-235-3639,42,TRUE,เติมเงิน,"34,900",,,,
304,097-235-3994,51,TRUE,เติมเงิน,"12,900",,,,
305,064-235-4156,36,TRUE,เติมเงิน,"34,900",,,,
306,080-235-4287,39,TRUE,เติมเงิน,"29,900",,,,
307,090-235-4551,34,TRUE,เติมเงิน,"14,900",,,,
308,084-235-5195,42,TRUE,เติมเงิน,"29,900",,,,
309,095-235-5491,43,TRUE,เติมเงิน,"14,900",,,,
310,090-235-5695,44,TRUE,เติมเงิน,"29,900",,,,
311,090-235-9416,39,TRUE,เติมเงิน,"12,900",,,,
312,080-236-2291,33,TRUE,เติมเงิน,"14,900",,,,
313,084-236-2956,45,TRUE,เติมเงิน,"34,900",,,,
314,080-236-2987,45,TRUE,เติมเงิน,"29,900",,,,
315,064-236-3287,41,TRUE,เติมเงิน,"29,900",,,,
316,083-236-4249,41,TRUE,เติมเงิน,"29,900",,,,
317,095-236-4465,44,TRUE,เติมเงิน,"29,900",,,,
318,083-236-4987,50,TRUE,เติมเงิน,"29,900",,,,
319,090-236-6239,40,TRUE,เติมเงิน,"32,900",,,,
320,080-236-6287,42,TRUE,เติมเงิน,"29,900",,,,
321,083-236-6287,45,TRUE,เติมเงิน,"29,900",,,,
322,083-236-6429,43,TRUE,เติมเงิน,"29,900",,,,
323,095-236-6449,48,TRUE,เติมเงิน,"19,900",,,,
324,095-236-6466,47,TRUE,เติมเงิน,"12,900",,,,
325,096-236-6951,47,TRUE,เติมเงิน,"15,900",,,,
326,083-239-1419,40,TRUE,เติมเงิน,"23,900",,,,
327,090-239-1665,41,TRUE,เติมเงิน,"29,900",,,,
328,080-239-1924,38,TRUE,เติมเงิน,"12,900",,,,
329,084-239-1945,45,TRUE,เติมเงิน,"32,900",,,,
330,090-239-1965,44,TRUE,เติมเงิน,"29,900",,,,
331,083-239-2249,42,TRUE,เติมเงิน,"29,900",,,,
332,090-239-2263,36,TRUE,เติมเงิน,"17,900",,,,
333,095-239-2356,44,TRUE,เติมเงิน,"34,900",,,,
334,090-239-2455,39,TRUE,เติมเงิน,"32,900",,,,
335,095-239-2915,45,TRUE,เติมเงิน,"32,900",,,,
336,095-239-3556,47,TRUE,เติมเงิน,"34,900",,,,
337,083-239-4146,40,TRUE,เติมเงิน,"14,900",,,,
338,097-239-6366,51,TRUE,เติมเงิน,"11,900",,,,
339,083-239-7915,47,TRUE,เติมเงิน,"32,900",,,,
340,080-239-8949,52,TRUE,เติมเงิน,"29,900",,,,
341,080-239-9594,49,TRUE,เติมเงิน,"12,900",,,,
342,080-239-9636,46,TRUE,เติมเงิน,"14,900",,,,
343,095-241-4154,35,TRUE,เติมเงิน,"12,900",,,,
344,096-241-4415,36,TRUE,เติมเงิน,"32,900",,,,
345,096-241-4451,36,TRUE,เติมเงิน,"14,900",,,,
346,096-241-4465,41,TRUE,เติมเงิน,"29,900",,,,
347,096-241-4514,36,TRUE,เติมเงิน,"12,900",,,,
348,096-241-4541,36,TRUE,เติมเงิน,"14,900",,,,
349,095-241-4656,42,TRUE,เติมเงิน,"32,900",,,,
350,096-241-4951,41,TRUE,เติมเงิน,"14,900",,,,
351,095-241-4956,45,TRUE,เติมเงิน,"32,900",,,,
352,096-241-5195,42,TRUE,เติมเงิน,"24,900",,,,
353,096-241-5414,36,TRUE,เติมเงิน,"12,900",,,,
354,096-241-5465,42,TRUE,เติมเงิน,"29,900",,,,
355,096-241-5519,42,TRUE,เติมเงิน,"29,900",,,,
356,095-241-5541,36,TRUE,เติมเงิน,"14,900",,,,
357,096-241-5546,42,TRUE,เติมเงิน,"11,900",,,,
358,096-241-5645,42,TRUE,เติมเงิน,"29,900",,,,
359,096-241-5915,42,TRUE,เติมเงิน,"29,900",,,,
360,096-241-5951,42,TRUE,เติมเงิน,"14,900",,,,
361,095-241-5954,44,TRUE,เติมเงิน,"12,900",,,,
362,096-241-6295,44,TRUE,เติมเงิน,"24,900",,,,
363,095-241-6454,40,TRUE,เติมเงิน,"12,900",,,,
364,096-241-6459,46,TRUE,เติมเงิน,"34,900",,,,
365,096-241-6545,42,TRUE,เติมเงิน,"29,900",,,,
366,084-241-6915,40,TRUE,เติมเงิน,"29,900",,,,
367,095-241-9165,42,TRUE,เติมเงิน,"29,900",,,,
368,096-241-9245,42,TRUE,เติมเงิน,"29,900",,,,
369,084-241-9464,42,TRUE,เติมเงิน,"12,900",,,,
370,096-241-9515,42,TRUE,เติมเงิน,"29,900",,,,
371,095-241-9656,47,TRUE,เติมเงิน,"32,900",,,,
372,096-241-9965,51,TRUE,เติมเงิน,"29,900",,,,
373,084-242-2649,41,TRUE,เติมเงิน,"29,900",,,,
374,083-242-2695,41,TRUE,เติมเงิน,"29,900",,,,
375,080-242-2959,41,TRUE,เติมเงิน,"29,900",,,,
376,084-242-2964,41,TRUE,เติมเงิน,"14,900",,,,
377,095-242-3514,35,TRUE,เติมเงิน,"12,900",,,,
378,084-242-6249,41,TRUE,เติมเงิน,"29,900",,,,
379,096-242-6454,42,TRUE,เติมเงิน,"14,900",,,,
380,084-242-6541,36,TRUE,เติมเงิน,"14,900",,,,
381,096-242-6564,44,TRUE,เติมเงิน,"14,900",,,,
382,083-242-8265,40,TRUE,เติมเงิน,"29,900",,,,
383,090-242-9395,43,TRUE,เติมเงิน,"29,900",,,,
384,096-146-4156,42,TRUE,เติมเงิน,"29,900",,,,
385,096-242-9454,45,TRUE,เติมเงิน,"14,900",,,,
386,096-242-9459,50,TRUE,เติมเงิน,"34,900",,,,
387,096-242-9514,42,TRUE,เติมเงิน,"14,900",,,,
388,096-242-9545,46,TRUE,เติมเงิน,"29,900",,,,
389,096-242-9954,50,TRUE,เติมเงิน,"12,900",,,,
390,096-245-1645,42,TRUE,เติมเงิน,"32,900",,,,
391,096-245-1924,42,TRUE,เติมเงิน,"12,900",,,,
392,096-245-1951,42,TRUE,เติมเงิน,"19,900",,,,
393,097-245-3265,43,TRUE,เติมเงิน,"29,900",,,,
394,096-245-4156,42,TRUE,เติมเงิน,"32,900",,,,
395,096-245-4165,42,TRUE,เติมเงิน,"29,900",,,,
396,096-245-4195,45,TRUE,เติมเงิน,"29,900",,,,
397,096-245-4245,41,TRUE,เติมเงิน,"32,900",,,,
398,084-245-4495,45,TRUE,เติมเงิน,"29,900",,,,
399,096-245-4651,42,TRUE,เติมเงิน,"14,900",,,,
400,097-245-4663,46,TRUE,เติมเงิน,"19,900",,,,
401,096-245-4695,50,TRUE,เติมเงิน,"29,900",,,,
402,096-245-4965,50,TRUE,เติมเงิน,"29,900",,,,
403,096-245-5465,46,TRUE,เติมเงิน,"29,900",,,,
404,084-245-5616,41,TRUE,เติมเงิน,"14,900",,,,
405,096-245-5645,46,TRUE,เติมเงิน,"32,900",,,,
406,084-245-5646,44,TRUE,เติมเงิน,"14,900",,,,
407,096-245-6145,42,TRUE,เติมเงิน,"32,900",,,,
408,096-245-6154,42,TRUE,เติมเงิน,"12,900",,,,
409,096-245-6165,44,TRUE,เติมเงิน,"29,900",,,,
410,084-245-6241,36,TRUE,เติมเงิน,"14,900",,,,
411,096-245-6246,44,TRUE,เติมเงิน,"14,900",,,,
412,080-245-6356,39,TRUE,เติมเงิน,"32,900",,,,
413,096-245-6415,42,TRUE,เติมเงิน,"32,900",,,,
414,096-245-6424,42,TRUE,เติมเงิน,"14,900",,,,
415,096-245-6451,42,TRUE,เติมเงิน,"14,900",,,,
416,096-245-6545,46,TRUE,เติมเงิน,"32,900",,,,
417,090-245-6566,43,TRUE,เติมเงิน,"11,900",,,,
418,084-245-6624,41,TRUE,เติมเงิน,"12,900",,,,
419,096-245-9145,45,TRUE,เติมเงิน,"32,900",,,,
420,096-245-9151,42,TRUE,เติมเงิน,"14,900",,,,
421,096-245-9245,46,TRUE,เติมเงิน,"32,900",,,,
422,096-245-9514,45,TRUE,เติมเงิน,"14,900",,,,
423,084-245-9624,44,TRUE,เติมเงิน,"14,900",,,,
424,096-246-1419,42,TRUE,เติมเงิน,"29,900",,,,
425,096-246-1545,42,TRUE,เติมเงิน,"29,900",,,,
426,084-246-1646,41,TRUE,เติมเงิน,"12,900",,,,
427,096-246-1656,45,TRUE,เติมเงิน,"29,900",,,,
428,096-246-1954,46,TRUE,เติมเงิน,"14,900",,,,
429,084-246-1956,45,TRUE,เติมเงิน,"29,900",,,,
430,096-246-2454,42,TRUE,เติมเงิน,"14,900",,,,
431,096-246-2915,44,TRUE,เติมเงิน,"29,900",,,,
432,084-246-2924,41,TRUE,เติมเงิน,"14,900",,,,
433,096-246-2951,44,TRUE,เติมเงิน,"19,900",,,,
434,084-246-2954,44,TRUE,เติมเงิน,"14,900",,,,
435,096-246-4245,42,TRUE,เติมเงิน,"29,900",,,,
436,096-246-4465,46,TRUE,เติมเงิน,"29,900",,,,
437,096-246-4515,42,TRUE,เติมเงิน,"29,900",,,,
438,096-246-4546,46,TRUE,เติมเงิน,"14,900",,,,
439,096-246-4564,46,TRUE,เติมเงิน,"14,900",,,,
440,096-246-4924,46,TRUE,เติมเงิน,"14,900",,,,
441,096-246-4951,46,TRUE,เติมเงิน,"19,900",,,,
442,084-246-4954,46,TRUE,เติมเงิน,"14,900",,,,
443,096-246-4965,51,TRUE,เติมเงิน,"29,900",,,,
444,096-246-5145,42,TRUE,เติมเงิน,"29,900",,,,
445,096-246-5154,42,TRUE,เติมเงิน,"14,900",,,,
446,096-246-5415,42,TRUE,เติมเงิน,"29,900",,,,
447,096-246-5424,42,TRUE,เติมเงิน,"14,900",,,,
448,096-246-5451,42,TRUE,เติมเงิน,"14,900",,,,
449,096-246-5464,46,TRUE,เติมเงิน,"14,900",,,,
450,096-246-5495,50,TRUE,เติมเงิน,"29,900",,,,
451,096-246-5514,42,TRUE,เติมเงิน,"14,900",,,,
452,096-246-5541,42,TRUE,เติมเงิน,"14,900",,,,
453,096-246-5919,51,TRUE,เติมเงิน,"29,900",,,,
454,096-246-6151,40,TRUE,เติมเงิน,"14,900",,,,
455,084-246-6191,41,TRUE,เติมเงิน,"14,900",,,,
456,084-246-6393,45,TRUE,เติมเงิน,"17,900",,,,
457,084-246-6494,47,TRUE,เติมเงิน,"14,900",,,,
458,096-246-6495,51,TRUE,เติมเงิน,"29,900",,,,
459,080-246-6545,40,TRUE,เติมเงิน,"29,900",,,,
460,084-246-6514,40,TRUE,เติมเงิน,"14,900",,,,
461,084-246-6591,45,TRUE,เติมเงิน,"14,900",,,,
462,084-246-6929,50,TRUE,เติมเงิน,"29,900",,,,
463,084-246-6941,44,TRUE,เติมเงิน,"14,900",,,,
464,096-246-6954,51,TRUE,เติมเงิน,"14,900",,,,
465,084-246-6961,46,TRUE,เติมเงิน,"14,900",,,,
466,084-246-9146,44,TRUE,เติมเงิน,"12,900",,,,
467,096-246-9415,46,TRUE,เติมเงิน,"29,900",,,,
468,096-246-9424,46,TRUE,เติมเงิน,"14,900",,,,
469,096-246-9459,54,TRUE,เติมเงิน,"34,900",,,,
470,097-246-9659,57,TRUE,เติมเงิน,"34,900",,,,
471,084-246-9945,51,TRUE,เติมเงิน,"29,900",,,,
472,084-246-9954,51,TRUE,เติมเงิน,"14,900",,,,
473,096-246-9954,54,TRUE,เติมเงิน,"14,900",,,,
474,084-249-1454,41,TRUE,เติมเงิน,"14,900",,,,
475,084-249-1464,42,TRUE,เติมเงิน,"14,900",,,,
476,096-249-1465,46,TRUE,เติมเงิน,"29,900",,,,
477,084-249-1495,46,TRUE,เติมเงิน,"32,900",,,,
478,096-249-1519,46,TRUE,เติมเงิน,"32,900",,,,
479,096-249-1595,50,TRUE,เติมเงิน,"32,900",,,,
480,080-249-1953,41,TRUE,เติมเงิน,"19,900",,,,
481,084-249-1954,46,TRUE,เติมเงิน,"14,900",,,,
482,084-249-1959,51,TRUE,เติมเงิน,"34,900",,,,
483,096-249-1959,54,TRUE,เติมเงิน,"34,900",,,,
484,080-249-1979,49,TRUE,เติมเงิน,"24,900",,,,
485,081-249-2365,40,TRUE,เติมเงิน,"29,900",,,,
486,096-249-2414,41,TRUE,เติมเงิน,"14,900",,,,
487,096-249-2415,42,TRUE,เติมเงิน,"32,900",,,,
488,096-249-2451,42,TRUE,เติมเงิน,"14,900",,,,
489,096-249-2464,46,TRUE,เติมเงิน,"14,900",,,,
490,096-249-2495,50,TRUE,เติมเงิน,"32,900",,,,
491,084-249-2645,44,TRUE,เติมเงิน,"32,900",,,,
492,096-249-2954,50,TRUE,เติมเงิน,"14,900",,,,
493,097-249-3651,46,TRUE,เติมเงิน,"14,900",,,,
494,084-249-4145,41,TRUE,เติมเงิน,"32,900",,,,
495,096-249-4145,44,TRUE,เติมเงิน,"32,900",,,,
496,084-249-4146,42,TRUE,เติมเงิน,"12,900",,,,
497,096-249-4151,41,TRUE,เติมเงิน,"14,900",,,,
498,084-249-4154,41,TRUE,เติมเงิน,"14,900",,,,
499,096-249-4154,44,TRUE,เติมเงิน,"14,900",,,,
500,096-249-4156,46,TRUE,เติมเงิน,"29,900",,,,
501,096-249-4165,46,TRUE,เติมเงิน,"29,900",,,,
502,096-249-4295,50,TRUE,เติมเงิน,"32,900",,,,
503,084-249-4451,41,TRUE,เติมเงิน,"14,900",,,,
504,096-249-4565,50,TRUE,เติมเงิน,"29,900",,,,
505,083-249-4594,48,TRUE,เติมเงิน,"14,900",,,,
506,096-249-4659,54,TRUE,เติมเงิน,"34,900",,,,
507,096-249-5564,50,TRUE,เติมเงิน,"14,900",,,,
508,096-249-5919,54,TRUE,เติมเงิน,"29,900",,,,
509,096-249-5929,55,TRUE,เติมเงิน,"29,900",,,,
510,084-249-5946,51,TRUE,เติมเงิน,"14,900",,,,
511,084-249-6146,44,TRUE,เติมเงิน,"12,900",,,,
512,084-249-6151,40,TRUE,เติมเงิน,"14,900",,,,
513,084-249-6246,45,TRUE,เติมเงิน,"14,900",,,,
514,084-249-6264,45,TRUE,เติมเงิน,"14,900",,,,
515,096-249-6451,46,TRUE,เติมเงิน,"14,900",,,,
516,096-249-6459,54,TRUE,เติมเงิน,"34,900",,,,
517,097-249-6459,55,TRUE,เติมเงิน,"34,900",,,,
518,096-249-6495,54,TRUE,เติมเงิน,"32,900",,,,
519,096-249-6545,50,TRUE,เติมเงิน,"39,900",,,,
520,090-249-6616,43,TRUE,เติมเงิน,"12,900",,,,
521,096-249-6645,51,TRUE,เติมเงิน,"32,900",,,,
522,084-249-6945,51,TRUE,เติมเงิน,"39,900",,,,
523,096-249-6945,54,TRUE,เติมเงิน,"39,900",,,,
524,084-249-8245,46,TRUE,เติมเงิน,"39,900",,,,
525,083-249-8939,55,TRUE,เติมเงิน,"29,900",,,,
526,096-249-8964,57,TRUE,เติมเงิน,"14,900",,,,
527,084-249-9145,46,TRUE,เติมเงิน,"39,900",,,,
528,096-249-9151,46,TRUE,เติมเงิน,"14,900",,,,
529,084-249-9195,51,TRUE,เติมเงิน,"32,900",,,,
530,096-249-9245,50,TRUE,เติมเงิน,"39,900",,,,
531,096-249-9246,51,TRUE,เติมเงิน,"12,900",,,,
532,084-249-9415,46,TRUE,เติมเงิน,"39,900",,,,
533,084-249-9451,46,TRUE,เติมเงิน,"14,900",,,,
534,096-249-9465,54,TRUE,เติมเงิน,"29,900",,,,
535,084-249-9495,54,TRUE,เติมเงิน,"32,900",,,,
536,084-249-9514,46,TRUE,เติมเงิน,"14,900",,,,
537,084-249-9549,54,TRUE,เติมเงิน,"29,900",,,,
538,096-249-9564,54,TRUE,เติมเงิน,"14,900",,,,
539,095-249-9899,64,TRUE,เติมเงิน,"29,900",,,,
540,084-261-4151,32,TRUE,เติมเงิน,"19,900",,,,
541,084-261-4191,36,TRUE,เติมเงิน,"14,900",,,,
542,084-261-4195,40,TRUE,เติมเงิน,"29,900",,,,
543,084-261-4245,36,TRUE,เติมเงิน,"32,900",,,,
544,084-261-4295,41,TRUE,เติมเงิน,"29,900",,,,
545,090-261-4465,37,TRUE,เติมเงิน,"29,900",,,,
546,084-261-4515,36,TRUE,เติมเงิน,"32,900",,,,
547,084-261-4645,40,TRUE,เติมเงิน,"32,900",,,,
548,084-261-4691,41,TRUE,เติมเงิน,"14,900",,,,
549,084-261-4694,44,TRUE,เติมเงิน,"14,900",,,,
550,084-261-5195,41,TRUE,เติมเงิน,"29,900",,,,
551,084-261-5645,41,TRUE,เติมเงิน,"32,900",,,,
552,083-261-6359,43,TRUE,เติมเงิน,"39,900",,,,
553,084-261-6564,42,TRUE,เติมเงิน,"14,900",,,,
554,084-261-6914,41,TRUE,เติมเงิน,"14,900",,,,
555,097-261-6951,46,TRUE,เติมเงิน,"19,900",,,,
556,064-261-9164,39,TRUE,เติมเงิน,"14,900",,,,
557,084-261-9245,41,TRUE,เติมเงิน,"32,900",,,,
558,084-261-9451,40,TRUE,เติมเงิน,"19,900",,,,
559,064-261-9645,43,TRUE,เติมเงิน,"32,900",,,,
560,084-261-9646,46,TRUE,เติมเงิน,"14,900",,,,
561,084-261-9915,45,TRUE,เติมเงิน,"32,900",,,,
562,080-261-9929,46,TRUE,เติมเงิน,"29,900",,,,
563,096-262-9151,41,TRUE,เติมเงิน,"22,900",,,,
564,097-262-9553,48,TRUE,เติมเงิน,"17,900",,,,
565,097-262-9695,55,TRUE,เติมเงิน,"29,900",,,,
566,095-262-3265,40,TRUE,เติมเงิน,"29,900",,,,
567,097-262-3646,45,TRUE,เติมเงิน,"14,900",,,,
568,097-262-4235,40,TRUE,เติมเงิน,"32,900",,,,
569,097-262-4645,45,TRUE,เติมเงิน,"32,900",,,,
570,097-262-6956,52,TRUE,เติมเงิน,"29,900",,,,
571,064-263-2324,32,TRUE,เติมเงิน,"14,900",,,,
572,096-263-2665,45,TRUE,เติมเงิน,"29,900",,,,
573,090-263-5565,41,TRUE,เติมเงิน,"29,900",,,,
574,090-263-9515,40,TRUE,เติมเงิน,"32,900",,,,
575,083-263-9795,52,TRUE,เติมเงิน,"32,900",,,,
576,083-263-9951,46,TRUE,เติมเงิน,"22,900",,,,
577,090-263-9951,44,TRUE,เติมเงิน,"22,900",,,,
578,064-264-1564,38,TRUE,เติมเงิน,"14,900",,,,
579,084-264-1645,40,TRUE,เติมเงิน,"32,900",,,,
580,096-264-1656,45,TRUE,เติมเงิน,"32,900",,,,
581,084-264-1946,44,TRUE,เติมเงิน,"12,900",,,,
582,095-264-1995,50,TRUE,เติมเงิน,"29,900",,,,
583,096-264-2454,42,TRUE,เติมเงิน,"14,900",,,,
584,084-264-2694,45,TRUE,เติมเงิน,"14,900",,,,
585,084-264-2829,45,TRUE,เติมเงิน,"44,900",,,,
586,096-264-4154,41,TRUE,เติมเงิน,"14,900",,,,
587,096-264-4195,46,TRUE,เติมเงิน,"29,900",,,,
588,095-264-4245,41,TRUE,เติมเงิน,"32,900",,,,
589,096-264-4245,42,TRUE,เติมเงิน,"32,900",,,,
590,084-264-4291,40,TRUE,เติมเงิน,"14,900",,,,
591,084-264-4295,44,TRUE,เติมเงิน,"29,900",,,,
592,096-264-4515,42,TRUE,เติมเงิน,"32,900",,,,
593,096-264-4541,41,TRUE,เติมเงิน,"14,900",,,,
594,096-264-4546,46,TRUE,เติมเงิน,"14,900",,,,
595,096-264-4564,46,TRUE,เติมเงิน,"14,900",,,,
596,096-264-4591,46,TRUE,เติมเงิน,"14,900",,,,
597,095-264-4515,41,TRUE,เติมเงิน,"32,900",,,,
598,084-264-4615,40,TRUE,เติมเงิน,"32,900",,,,
599,096-264-4641,42,TRUE,เติมเงิน,"14,900",,,,
600,096-264-4645,46,TRUE,เติมเงิน,"32,900",,,,
601,095-264-4956,50,TRUE,เติมเงิน,"32,900",,,,
602,096-264-4956,51,TRUE,เติมเงิน,"32,900",,,,
603,096-264-4959,54,TRUE,เติมเงิน,"39,900",,,,
604,096-264-5145,42,TRUE,เติมเงิน,"32,900",,,,
605,096-264-5154,42,TRUE,เติมเงิน,"14,900",,,,
606,084-264-5191,40,TRUE,เติมเงิน,"14,900",,,,
607,080-264-5351,34,TRUE,เติมเงิน,"22,900",,,,
608,096-264-5424,42,TRUE,เติมเงิน,"14,900",,,,
609,096-264-5429,47,TRUE,เติมเงิน,"29,900",,,,
610,096-264-5464,46,TRUE,เติมเงิน,"14,900",,,,
611,096-264-5514,42,TRUE,เติมเงิน,"14,900",,,,
612,096-264-5541,42,TRUE,เติมเงิน,"14,900",,,,
613,096-264-5549,50,TRUE,เติมเงิน,"29,900",,,,
614,096-264-5594,50,TRUE,เติมเงิน,"14,900",,,,
615,095-264-5614,42,TRUE,เติมเงิน,"14,900",,,,
616,096-264-5945,50,TRUE,เติมเงิน,"32,900",,,,
617,096-264-5954,50,TRUE,เติมเงิน,"14,900",,,,
618,080-264-6151,33,TRUE,เติมเงิน,"22,900",,,,
619,084-264-6154,40,TRUE,เติมเงิน,"14,900",,,,
620,080-264-6493,42,TRUE,เติมเงิน,"17,900",,,,
621,084-264-6695,50,TRUE,เติมเงิน,"29,900",,,,
622,084-264-6951,45,TRUE,เติมเงิน,"22,900",,,,
623,084-264-9164,44,TRUE,เติมเงิน,"14,900",,,,
624,084-264-9264,45,TRUE,เติมเงิน,"14,900",,,,
625,095-264-9455,49,TRUE,เติมเงิน,"32,900",,,,
626,096-264-9545,50,TRUE,เติมเงิน,"32,900",,,,
627,084-264-9549,51,TRUE,เติมเงิน,"29,900",,,,
628,084-264-9616,46,TRUE,เติมเงิน,"12,900",,,,
629,090-264-9646,46,TRUE,เติมเงิน,"14,900",,,,
630,083-264-9664,48,TRUE,เติมเงิน,"12,900",,,,
631,097-264-9953,54,TRUE,เติมเงิน,"17,900",,,,
632,096-264-9954,54,TRUE,เติมเงิน,"12,900",,,,
633,096-265-1656,46,TRUE,เติมเงิน,"39,900",,,,
634,096-265-1965,49,TRUE,เติมเงิน,"34,900",,,,
635,096-265-4145,42,TRUE,เติมเงิน,"39,900",,,,
636,096-265-4154,42,TRUE,เติมเงิน,"14,900",,,,
637,096-265-4415,42,TRUE,เติมเงิน,"34,900",,,,
638,096-265-4451,42,TRUE,เติมเงิน,"22,900",,,,
639,096-265-4514,42,TRUE,เติมเงิน,"14,900",,,,
640,096-265-4651,44,TRUE,เติมเงิน,"24,900",,,,
641,096-265-4954,50,TRUE,เติมเงิน,"14,900",,,,
642,096-265-5191,44,TRUE,เติมเงิน,"14,900",,,,
643,096-265-5414,42,TRUE,เติมเงิน,"14,900",,,,
644,095-265-5419,46,TRUE,เติมเงิน,"29,900",,,,
645,096-265-5495,51,TRUE,เติมเงิน,"34,900",,,,
646,083-265-5663,44,TRUE,เติมเงิน,"17,900",,,,
647,096-265-6154,44,TRUE,เติมเงิน,"14,900",,,,
648,097-265-6364,48,TRUE,เติมเงิน,"14,900",,,,
649,096-265-6956,54,TRUE,เติมเงิน,"39,900",,,,
650,097-265-9197,55,TRUE,เติมเงิน,"32,900",,,,
651,096-265-9454,50,TRUE,เติมเงิน,"14,900",,,,
652,096-265-9545,51,TRUE,เติมเงิน,"39,900",,,,
653,080-265-9656,47,TRUE,เติมเงิน,"39,900",,,,
654,096-265-9656,54,TRUE,เติมเงิน,"39,900",,,,
655,084-269-1415,40,TRUE,เติมเงิน,"32,900",,,,
656,090-269-1423,36,TRUE,เติมเงิน,"17,900",,,,
657,080-269-1424,36,TRUE,เติมเงิน,"14,900",,,,
658,096-269-1454,46,TRUE,เติมเงิน,"14,900",,,,
659,084-269-1464,44,TRUE,เติมเงิน,"14,900",,,,
660,084-269-1645,45,TRUE,เติมเงิน,"32,900",,,,
661,084-269-1695,50,TRUE,เติมเงิน,"32,900",,,,
662,084-269-1956,50,TRUE,เติมเงิน,"29,900",,,,
663,084-269-1965,50,TRUE,เติมเงิน,"34,900",,,,
664,084-269-2245,42,TRUE,เติมเงิน,"32,900",,,,
665,084-269-2265,44,TRUE,เติมเงิน,"32,900",,,,
666,096-269-2294,49,TRUE,เติมเงิน,"14,900",,,,
667,096-269-2359,51,TRUE,เติมเงิน,"39,900",,,,
668,084-269-2414,40,TRUE,เติมเงิน,"14,900",,,,
669,080-269-2459,45,TRUE,เติมเงิน,"39,900",,,,
670,090-269-2495,46,TRUE,เติมเงิน,"32,900",,,,
671,084-269-2645,46,TRUE,เติมเงิน,"32,900",,,,
672,090-269-2694,47,TRUE,เติมเงิน,"14,900",,,,
673,084-269-2695,51,TRUE,เติมเงิน,"32,900",,,,
674,097-269-3616,49,TRUE,เติมเงิน,"14,900",,,,
675,096-269-3639,53,TRUE,เติมเงิน,"29,900",,,,
676,084-269-4151,40,TRUE,เติมเงิน,"22,900",,,,
677,080-269-4551,40,TRUE,เติมเงิน,"19,900",,,,
678,095-269-4654,50,TRUE,เติมเงิน,"14,900",,,,
679,084-269-4656,50,TRUE,เติมเงิน,"34,900",,,,
680,097-269-5545,52,TRUE,เติมเงิน,"32,900",,,,
681,084-269-4959,56,TRUE,เติมเงิน,"39,900",,,,
682,084-269-5165,46,TRUE,เติมเงิน,"34,900",,,,
683,084-269-5451,44,TRUE,เติมเงิน,"24,900",,,,
684,096-269-5495,55,TRUE,เติมเงิน,"32,900",,,,
685,064-269-5646,48,TRUE,เติมเงิน,"14,900",,,,
686,084-269-5646,50,TRUE,เติมเงิน,"14,900",,,,
687,084-269-6151,42,TRUE,เติมเงิน,"24,900",,,,
688,084-269-6195,50,TRUE,เติมเงิน,"32,900",,,,
689,084-269-6645,50,TRUE,เติมเงิน,"32,900",,,,
690,090-269-6656,49,TRUE,เติมเงิน,"32,900",,,,
691,084-269-6695,55,TRUE,เติมเงิน,"32,900",,,,
692,083-269-7995,58,TRUE,เติมเงิน,"32,900",,,,
693,083-269-8235,46,TRUE,เติมเงิน,"39,900",,,,
694,090-269-8245,45,TRUE,เติมเงิน,"39,900",,,,
695,084-269-8265,50,TRUE,เติมเงิน,"34,900",,,,
696,095-269-8799,64,TRUE,เติมเงิน,"29,900",,,,
697,084-269-8946,56,TRUE,เติมเงิน,"19,900",,,,
698,090-269-8949,56,TRUE,เติมเงิน,"29,900",,,,
699,097-269-9164,53,TRUE,เติมเงิน,"14,900",,,,
700,080-269-9199,53,TRUE,เติมเงิน,"29,900",,,,
701,096-269-9454,54,TRUE,เติมเงิน,"14,900",,,,
702,096-269-9459,59,TRUE,เติมเงิน,"39,900",,,,
703,080-269-9623,45,TRUE,เติมเงิน,"17,900",,,,
704,084-269-9651,50,TRUE,เติมเงิน,"24,900",,,,
705,090-282-2919,42,TRUE,เติมเงิน,"29,900",,,,
706,064-282-3295,41,TRUE,เติมเงิน,"34,900",,,,
707,090-282-4429,40,TRUE,เติมเงิน,"29,900",,,,
708,097-282-4616,45,TRUE,เติมเงิน,"19,900",,,,
709,097-282-4959,55,TRUE,เติมเงิน,"39,900",,,,
710,090-282-6945,45,TRUE,เติมเงิน,"39,900",,,,
711,090-282-6946,46,TRUE,เติมเงิน,"22,900",,,,
712,090-282-6951,42,TRUE,เติมเงิน,"24,900",,,,
713,080-282-9916,45,TRUE,เติมเงิน,"19,900",,,,
714,083-428-7956,52,TRUE,เติมเงิน,"32,900",,,,
715,097-287-9299,62,TRUE,เติมเงิน,"29,900",,,,
716,095-287-9365,54,TRUE,เติมเงิน,"39,900",,,,
717,096-287-9395,58,TRUE,เติมเงิน,"34,900",,,,
718,097-287-9455,56,TRUE,เติมเงิน,"29,900",,,,
719,064-287-9787,58,TRUE,เติมเงิน,"34,900",,,,
720,064-287-9956,56,TRUE,เติมเงิน,"32,900",,,,
721,095-287-9964,59,TRUE,เติมเงิน,"17,900",,,,
722,090-323-2249,34,TRUE,เติมเงิน,"29,900",,,,
723,095-323-2391,37,TRUE,เติมเงิน,"14,900",,,,
724,090-323-5655,38,TRUE,เติมเงิน,"29,900",,,,
725,097-323-6156,42,TRUE,เติมเงิน,"32,900",,,,
726,080-323-9519,40,TRUE,เติมเงิน,"39,900",,,,
727,097-323-9646,49,TRUE,เติมเงิน,"19,900",,,,
728,080-324-1426,30,TRUE,เติมเงิน,"19,900",,,,
729,080-324-1463,31,TRUE,เติมเงิน,"17,900",,,,
730,090-324-1923,33,TRUE,เติมเงิน,"17,900",,,,
731,080-324-1926,35,TRUE,เติมเงิน,"19,900",,,,
732,097-324-2249,42,TRUE,เติมเงิน,"29,900",,,,
733,095-324-2646,41,TRUE,เติมเงิน,"19,900",,,,
734,090-324-2919,39,TRUE,เติมเงิน,"29,900",,,,
735,080-324-4989,47,TRUE,เติมเงิน,"34,900",,,,
736,095-324-6295,45,TRUE,เติมเงิน,"34,900",,,,
737,080-324-6355,36,TRUE,เติมเงิน,"29,900",,,,
738,095-324-6619,45,TRUE,เติมเงิน,"29,900",,,,
739,080-324-6653,37,TRUE,เติมเงิน,"17,900",,,,
740,080-324-9153,35,TRUE,เติมเงิน,"17,900",,,,
741,080-324-9159,41,TRUE,เติมเงิน,"39,900",,,,
742,095-324-9665,49,TRUE,เติมเงิน,"34,900",,,,
743,080-324-9895,48,TRUE,เติมเงิน,"34,900",,,,
744,080-326-1461,31,TRUE,เติมเงิน,"14,900",,,,
745,083-269-1663,44,TRUE,เติมเงิน,"17,900",,,,
746,097-326-1926,45,TRUE,เติมเงิน,"19,900",,,,
747,090-326-2351,31,TRUE,เติมเงิน,"24,900",,,,
748,080-326-2944,38,TRUE,เติมเงิน,"14,900",,,,
749,090-326-2995,45,TRUE,เติมเงิน,"34,900",,,,
750,095-326-4515,40,TRUE,เติมเงิน,"34,900",,,,
751,096-326-4695,50,TRUE,เติมเงิน,"34,900",,,,
752,064-326-5354,38,TRUE,เติมเงิน,"17,900",,,,
753,080-326-5366,39,TRUE,เติมเงิน,"19,900",,,,
754,097-326-5536,46,TRUE,เติมเงิน,"19,900",,,,
755,095-326-6154,41,TRUE,เติมเงิน,"17,900",,,,
756,096-326-6265,45,TRUE,เติมเงิน,"34,900",,,,
757,064-326-6566,44,TRUE,เติมเงิน,"12,900",,,,
758,080-326-6924,40,TRUE,เติมเงิน,"17,900",,,,
759,080-326-9651,40,TRUE,เติมเงิน,"24,900",,,,
760,097-328-2261,40,TRUE,เติมเงิน,"14,900",,,,
761,080-328-2961,39,TRUE,เติมเงิน,"14,900",,,,
762,097-328-7955,55,TRUE,เติมเงิน,"29,900",,,,
763,096-329-1951,45,TRUE,เติมเงิน,"24,900",,,,
764,080-329-1995,46,TRUE,เติมเงิน,"34,900",,,,
765,095-329-2245,41,TRUE,เติมเงิน,"29,900",,,,
766,096-329-2656,48,TRUE,เติมเงิน,"32,900",,,,
767,097-329-2945,50,TRUE,เติมเงิน,"34,900",,,,
768,064-329-3659,47,TRUE,เติมเงิน,"39,900",,,,
769,080-329-3953,42,TRUE,เติมเงิน,"17,900",,,,
770,097-329-4229,47,TRUE,เติมเงิน,"29,900",,,,
771,096-329-4246,45,TRUE,เติมเงิน,"19,900",,,,
772,097-329-4597,55,TRUE,เติมเงิน,"12,900",,,,
773,090-329-4995,50,TRUE,เติมเงิน,"34,900",,,,
774,097-329-5916,51,TRUE,เติมเงิน,"19,900",,,,
775,064-329-6235,40,TRUE,เติมเงิน,"39,900",,,,
776,080-329-6691,44,TRUE,เติมเงิน,"14,900",,,,
777,080-329-6914,42,TRUE,เติมเงิน,"17,900",,,,
778,090-329-6995,52,TRUE,เติมเงิน,"34,900",,,,
779,064-329-8939,53,TRUE,เติมเงิน,"29,900",,,,
780,096-329-8951,52,TRUE,เติมเงิน,"27,900",,,,
781,097-329-9365,53,TRUE,เติมเงิน,"34,900",,,,
782,080-351-4293,35,TRUE,เติมเงิน,"17,900",,,,
783,096-351-6326,41,TRUE,เติมเงิน,"19,900",,,,
784,080-351-6553,36,TRUE,เติมเงิน,"17,900",,,,
785,080-351-9399,47,TRUE,เติมเงิน,"29,900",,,,
786,080-351-9646,42,TRUE,เติมเงิน,"19,900",,,,
787,096-353-2395,45,TRUE,เติมเงิน,"34,900",,,,
788,097-353-2653,43,TRUE,เติมเงิน,"17,900",,,,
789,095-353-2965,47,TRUE,เติมเงิน,"34,900",,,,
790,097-353-5956,52,TRUE,เติมเงิน,"32,900",,,,
791,097-354-2353,41,TRUE,เติมเงิน,"17,900",,,,
792,097-354-2923,44,TRUE,เติมเงิน,"17,900",,,,
793,097-354-6356,48,TRUE,เติมเงิน,"32,900",,,,
794,095-354-6654,47,TRUE,เติมเงิน,"17,900",,,,
795,096-354-6694,52,TRUE,เติมเงิน,"17,900",,,,
796,080-354-6935,43,TRUE,เติมเงิน,"39,900",,,,
797,080-354-9794,49,TRUE,เติมเงิน,"17,900",,,,
798,097-356-3541,43,TRUE,เติมเงิน,"14,900",,,,
799,097-356-3559,52,TRUE,เติมเงิน,"39,900",,,,
800,080-356-3619,41,TRUE,เติมเงิน,"29,900",,,,
801,097-356-6265,49,TRUE,เติมเงิน,"39,900",,,,
802,064-356-6945,48,TRUE,เติมเงิน,"39,900",,,,
803,080-356-9224,39,TRUE,เติมเงิน,"19,900",,,,
804,096-356-9514,48,TRUE,เติมเงิน,"19,900",,,,
805,097-359-1416,45,TRUE,เติมเงิน,"19,900",,,,
806,097-359-1923,48,TRUE,เติมเงิน,"17,900",,,,
807,095-359-3654,49,TRUE,เติมเงิน,"19,900",,,,
808,097-359-3923,50,TRUE,เติมเงิน,"17,900",,,,
809,097-359-4497,57,TRUE,เติมเงิน,"12,900",,,,
810,095-359-4546,50,TRUE,เติมเงิน,"19,900",,,,
811,097-359-5964,57,TRUE,เติมเงิน,"19,900",,,,
812,097-359-6394,55,TRUE,เติมเงิน,"19,900",,,,
813,080-359-6966,52,TRUE,เติมเงิน,"12,900",,,,
814,080-359-9261,43,TRUE,เติมเงิน,"14,900",,,,
815,097-359-9456,57,TRUE,เติมเงิน,"32,900",,,,
816,097-359-9624,54,TRUE,เติมเงิน,"19,900",,,,
817,080-361-4519,37,TRUE,เติมเงิน,"39,900",,,,
818,080-361-4956,42,TRUE,เติมเงิน,"32,900",,,,
819,080-361-5149,37,TRUE,เติมเงิน,"29,900",,,,
820,097-361-5961,47,TRUE,เติมเงิน,"14,900",,,,
821,097-361-6693,50,TRUE,เติมเงิน,"17,900",,,,
822,080-361-6916,40,TRUE,เติมเงิน,"19,900",,,,
823,080-361-9954,45,TRUE,เติมเงิน,"17,900",,,,
824,080-362-2623,32,TRUE,เติมเงิน,"17,900",,,,
825,096-362-3959,52,TRUE,เติมเงิน,"39,900",,,,
826,080-362-6453,37,TRUE,เติมเงิน,"17,900",,,,
827,080-362-6465,40,TRUE,เติมเงิน,"34,900",,,,
828,080-362-9791,45,TRUE,เติมเงิน,"14,900",,,,
829,080-363-2651,34,TRUE,เติมเงิน,"24,900",,,,
830,080-363-5159,40,TRUE,เติมเงิน,"39,900",,,,
831,080-364-2397,42,TRUE,เติมเงิน,"12,900",,,,
832,080-364-2416,34,TRUE,เติมเงิน,"19,900",,,,
833,095-364-4695,51,TRUE,เติมเงิน,"34,900",,,,
834,080-364-5399,47,TRUE,เติมเงิน,"29,900",,,,
835,080-365-1546,38,TRUE,เติมเงิน,"19,900",,,,
836,080-365-4649,45,TRUE,เติมเงิน,"29,900",,,,
837,095-365-5495,51,TRUE,เติมเงิน,"39,900",,,,
838,095-365-6965,54,TRUE,เติมเงิน,"39,900",,,,
839,080-369-1966,48,TRUE,เติมเงิน,"19,900",,,,
840,080-369-2987,52,TRUE,เติมเงิน,"19,900",,,,
841,080-369-4166,43,TRUE,เติมเงิน,"19,900",,,,
842,080-369-4197,47,TRUE,เติมเงิน,"19,900",,,,
843,095-369-4651,48,TRUE,เติมเงิน,"24,900",,,,
844,080-369-5146,42,TRUE,เติมเงิน,"19,900",,,,
845,080-369-6293,46,TRUE,เติมเงิน,"17,900",,,,
846,095-369-9451,51,TRUE,เติมเงิน,"22,900",,,,
847,095-369-9454,54,TRUE,เติมเงิน,"19,900",,,,
848,095-369-9615,53,TRUE,เติมเงิน,"39,900",,,,
849,095-369-9616,54,TRUE,เติมเงิน,"19,900",,,,
850,095-414-2645,40,TRUE,เติมเงิน,"32,900",,,,
851,096-414-2915,41,TRUE,เติมเงิน,"32,900",,,,
852,096-414-2945,44,TRUE,เติมเงิน,"32,900",,,,
853,096-414-2946,45,TRUE,เติมเงิน,"19,900",,,,
854,096-414-2951,41,TRUE,เติมเงิน,"24,900",,,,
855,096-414-2954,44,TRUE,เติมเงิน,"17,900",,,,
856,096-414-2956,46,TRUE,เติมเงิน,"32,900",,,,
857,096-414-2965,46,TRUE,เติมเงิน,"29,900",,,,
858,096-414-4156,40,TRUE,เติมเงิน,"29,900",,,,
859,096-414-4165,40,TRUE,เติมเงิน,"29,900",,,,
860,096-414-4265,41,TRUE,เติมเงิน,"29,900",,,,
861,096-414-4565,44,TRUE,เติมเงิน,"29,900",,,,
862,096-414-4624,40,TRUE,เติมเงิน,"17,900",,,,
863,096-414-4629,45,TRUE,เติมเงิน,"29,900",,,,
864,096-414-4651,40,TRUE,เติมเงิน,"24,900",,,,
865,096-414-4656,45,TRUE,เติมเงิน,"32,900",,,,
866,096-414-4691,44,TRUE,เติมเงิน,"14,900",,,,
867,096-414-4916,44,TRUE,เติมเงิน,"19,900",,,,
868,096-414-4926,45,TRUE,เติมเงิน,"19,900",,,,
869,096-414-5156,41,TRUE,เติมเงิน,"32,900",,,,
870,096-414-5159,44,TRUE,เติมเงิน,"39,900",,,,
871,096-414-5165,41,TRUE,เติมเงิน,"29,900",,,,
872,096-414-5465,44,TRUE,เติมเงิน,"29,900",,,,
873,096-414-5519,44,TRUE,เติมเงิน,"39,900",,,,
874,096-414-5624,41,TRUE,เติมเงิน,"19,900",,,,
875,096-414-5645,44,TRUE,เติมเงิน,"32,900",,,,
876,096-414-5915,44,TRUE,เติมเงิน,"32,900",,,,
877,096-414-5951,44,TRUE,เติมเงิน,"24,900",,,,
878,096-414-6154,40,TRUE,เติมเงิน,"17,900",,,,
879,096-414-6156,42,TRUE,เติมเงิน,"32,900",,,,
880,096-414-6159,45,TRUE,เติมเงิน,"39,900",,,,
881,096-414-6165,42,TRUE,เติมเงิน,"29,900",,,,
882,096-414-6195,45,TRUE,เติมเงิน,"32,900",,,,
883,096-414-6245,41,TRUE,เติมเงิน,"32,900",,,,
884,096-414-6451,40,TRUE,เติมเงิน,"24,900",,,,
885,096-414-6515,41,TRUE,เติมเงิน,"32,900",,,,
886,096-414-6519,45,TRUE,เติมเงิน,"39,900",,,,
887,096-414-6545,44,TRUE,เติมเงิน,"32,900",,,,
888,096-414-6564,45,TRUE,เติมเงิน,"19,900",,,,
889,096-414-6645,45,TRUE,เติมเงิน,"32,900",,,,
890,096-414-6695,50,TRUE,เติมเงิน,"32,900",,,,
891,096-414-6915,45,TRUE,เติมเงิน,"32,900",,,,
892,096-414-6965,50,TRUE,เติมเงิน,"29,900",,,,
893,096-414-9156,45,TRUE,เติมเงิน,"32,900",,,,
894,096-414-9245,44,TRUE,เติมเงิน,"32,900",,,,
895,096-414-9265,46,TRUE,เติมเงิน,"29,900",,,,
896,096-414-9515,44,TRUE,เติมเงิน,"32,900",,,,
897,095-414-9649,51,TRUE,เติมเงิน,"29,900",,,,
898,095-414-9694,51,TRUE,เติมเงิน,"17,900",,,,
899,096-414-9895,55,TRUE,เติมเงิน,"32,900",,,,
900,096-415-1415,36,TRUE,เติมเงิน,"34,900",,,,
901,096-415-1424,36,TRUE,เติมเงิน,"17,900",,,,
902,096-415-1465,41,TRUE,เติมเงิน,"32,900",,,,
903,096-415-1695,46,TRUE,เติมเงิน,"34,900",,,,
904,096-415-1915,41,TRUE,เติมเงิน,"39,900",,,,
905,096-415-1951,41,TRUE,เติมเงิน,"29,900",,,,
906,096-415-1954,44,TRUE,เติมเงิน,"19,900",,,,
907,096-415-1956,46,TRUE,เติมเงิน,"32,900",,,,
908,096-415-1965,46,TRUE,เติมเงิน,"32,900",,,,
909,096-415-4156,41,TRUE,เติมเงิน,"32,900",,,,
910,096-415-4159,44,TRUE,เติมเงิน,"39,900",,,,
911,096-415-4165,41,TRUE,เติมเงิน,"32,900",,,,
912,096-415-4195,44,TRUE,เติมเงิน,"39,900",,,,
913,096-415-4245,40,TRUE,เติมเงิน,"39,900",,,,
914,096-415-4265,42,TRUE,เติมเงิน,"32,900",,,,
915,096-415-4295,45,TRUE,เติมเงิน,"39,900",,,,
916,096-415-4465,44,TRUE,เติมเงิน,"32,900",,,,
917,096-415-4515,40,TRUE,เติมเงิน,"39,900",,,,
918,096-415-4565,45,TRUE,เติมเงิน,"32,900",,,,
919,096-415-4645,44,TRUE,เติมเงิน,"39,900",,,,
920,096-415-4651,41,TRUE,เติมเงิน,"29,900",,,,
921,096-415-4915,44,TRUE,เติมเงิน,"39,900",,,,
922,096-415-4951,44,TRUE,เติมเงิน,"29,900",,,,
923,095-415-4989,54,TRUE,เติมเงิน,"34,900",,,,
924,096-415-4989,55,TRUE,เติมเงิน,"34,900",,,,
925,096-415-5154,40,TRUE,เติมเงิน,"19,900",,,,
926,096-415-5156,42,TRUE,เติมเงิน,"32,900",,,,
927,096-415-5164,41,TRUE,เติมเงิน,"19,900",,,,
928,096-415-5165,42,TRUE,เติมเงิน,"32,900",,,,
929,096-415-5415,40,TRUE,เติมเงิน,"34,900",,,,
930,096-415-5451,40,TRUE,เติมเงิน,"29,900",,,,
931,096-415-5464,44,TRUE,เติมเงิน,"19,900",,,,
932,096-415-5615,42,TRUE,เติมเงิน,"39,900",,,,
933,096-415-5645,45,TRUE,เติมเงิน,"39,900",,,,
934,096-415-5914,44,TRUE,เติมเงิน,"19,900",,,,
935,095-415-5989,55,TRUE,เติมเงิน,"34,900",,,,
936,096-415-6154,41,TRUE,เติมเงิน,"19,900",,,,
937,096-415-6159,46,TRUE,เติมเงิน,"39,900",,,,
938,096-415-6195,46,TRUE,เติมเงิน,"39,900",,,,
939,096-415-6197,48,TRUE,เติมเงิน,"19,900",,,,
940,096-415-6265,44,TRUE,เติมเงิน,"32,900",,,,
941,096-415-6419,45,TRUE,เติมเงิน,"29,900",,,,
942,096-415-6424,41,TRUE,เติมเงิน,"19,900",,,,
943,096-415-6451,41,TRUE,เติมเงิน,"29,900",,,,
944,096-415-6465,46,TRUE,เติมเงิน,"32,900",,,,
945,096-415-6515,42,TRUE,เติมเงิน,"39,900",,,,
946,096-415-6545,45,TRUE,เติมเงิน,"39,900",,,,
947,096-415-6546,46,TRUE,เติมเงิน,"22,900",,,,
948,096-415-6645,46,TRUE,เติมเงิน,"34,900",,,,
949,096-415-6695,51,TRUE,เติมเงิน,"29,900",,,,
950,096-415-6915,46,TRUE,เติมเงิน,"39,900",,,,
951,096-415-9154,44,TRUE,เติมเงิน,"19,900",,,,
952,096-415-9145,44,TRUE,เติมเงิน,"39,900",,,,
953,096-415-9156,46,TRUE,เติมเงิน,"32,900",,,,
954,096-415-9245,45,TRUE,เติมเงิน,"39,900",,,,
955,096-415-9451,44,TRUE,เติมเงิน,"29,900",,,,
956,096-415-9515,45,TRUE,เติมเงิน,"39,900",,,,
957,096-415-9659,54,TRUE,เติมเงิน,"39,900",,,,
958,096-415-9956,54,TRUE,เติมเงิน,"32,900",,,,
959,096-415-9965,54,TRUE,เติมเงิน,"32,900",,,,
960,096-416-1459,45,TRUE,เติมเงิน,"39,900",,,,
961,096-416-1465,42,TRUE,เติมเงิน,"29,900",,,,
962,096-416-1495,45,TRUE,เติมเงิน,"34,900",,,,
963,096-416-1545,41,TRUE,เติมเงิน,"32,900",,,,
964,096-416-1564,42,TRUE,เติมเงิน,"17,900",,,,
965,096-416-1595,46,TRUE,เติมเงิน,"34,900",,,,
966,096-416-1945,45,TRUE,เติมเงิน,"32,900",,,,
967,096-416-1951,42,TRUE,เติมเงิน,"29,900",,,,
968,096-416-1954,45,TRUE,เติมเงิน,"17,900",,,,
969,096-416-1959,50,TRUE,เติมเงิน,"39,900",,,,
970,096-416-2419,42,TRUE,เติมเงิน,"29,900",,,,
971,096-416-2454,41,TRUE,เติมเงิน,"17,900",,,,
972,096-416-2459,46,TRUE,เติมเงิน,"39,900",,,,
973,096-416-2495,46,TRUE,เติมเงิน,"34,900",,,,
974,096-416-2954,46,TRUE,เติมเงิน,"17,900",,,,
975,096-416-3295,45,TRUE,เติมเงิน,"34,900",,,,
976,096-416-4145,40,TRUE,เติมเงิน,"32,900",,,,
977,096-416-4149,44,TRUE,เติมเงิน,"29,900",,,,
978,096-416-4154,40,TRUE,เติมเงิน,"17,900",,,,
979,096-416-4156,42,TRUE,เติมเงิน,"32,900",,,,
980,096-416-4159,45,TRUE,เติมเงิน,"39,900",,,,
981,096-416-4165,42,TRUE,เติมเงิน,"29,900",,,,
982,096-416-4195,45,TRUE,เติมเงิน,"32,900",,,,
983,096-416-4415,40,TRUE,เติมเงิน,"34,900",,,,
984,096-416-4451,40,TRUE,เติมเงิน,"24,900",,,,
985,096-416-4465,45,TRUE,เติมเงิน,"29,900",,,,
986,096-416-4515,41,TRUE,เติมเงิน,"34,900",,,,
987,096-416-4519,45,TRUE,เติมเงิน,"39,900",,,,
988,096-416-4541,40,TRUE,เติมเงิน,"14,900",,,,
989,096-416-4564,45,TRUE,เติมเงิน,"17,900",,,,
990,096-416-4565,46,TRUE,เติมเงิน,"29,900",,,,
991,096-416-4615,42,TRUE,เติมเงิน,"34,900",,,,
992,096-416-4624,42,TRUE,เติมเงิน,"17,900",,,,
993,096-416-4651,42,TRUE,เติมเงิน,"29,900",,,,
994,096-416-4659,50,TRUE,เติมเงิน,"39,900",,,,
995,096-416-4695,50,TRUE,เติมเงิน,"34,900",,,,
996,096-416-4915,45,TRUE,เติมเงิน,"39,900",,,,
997,096-416-4924,45,TRUE,เติมเงิน,"17,900",,,,
998,096-416-4951,45,TRUE,เติมเงิน,"29,900",,,,
999,096-416-4954,48,TRUE,เติมเงิน,"17,900",,,,
1000,096-416-4956,50,TRUE,เติมเงิน,"32,900",,,,
1001,096-416-4965,50,TRUE,เติมเงิน,"29,900",,,,
1002,096-416-5145,41,TRUE,เติมเงิน,"39,900",,,,
1003,096-416-5149,45,TRUE,เติมเงิน,"29,900",,,,
1004,096-416-5154,41,TRUE,เติมเงิน,"17,900",,,,
1005,096-416-5159,46,TRUE,เติมเงิน,"39,900",,,,
1006,096-416-5194,45,TRUE,เติมเงิน,"17,900",,,,
1007,096-416-5195,46,TRUE,เติมเงิน,"34,900",,,,
1008,096-416-5415,41,TRUE,เติมเงิน,"39,900",,,,
1009,096-416-5419,45,TRUE,เติมเงิน,"29,900",,,,
1010,096-416-5424,41,TRUE,เติมเงิน,"17,900",,,,
1011,096-416-5429,46,TRUE,เติมเงิน,"29,900",,,,
1012,096-416-5451,41,TRUE,เติมเงิน,"29,900",,,,
1013,096-416-5465,46,TRUE,เติมเงิน,"29,900",,,,
1014,096-416-5541,41,TRUE,เติมเงิน,"14,900",,,,
1015,096-416-5616,44,TRUE,เติมเงิน,"19,900",,,,
1016,096-416-5645,46,TRUE,เติมเงิน,"39,900",,,,
1017,096-416-5649,50,TRUE,เติมเงิน,"29,900",,,,
1018,095-416-5915,45,TRUE,เติมเงิน,"39,900",,,,
1019,096-416-5915,46,TRUE,เติมเงิน,"39,900",,,,
1020,096-416-5946,50,TRUE,เติมเงิน,"19,900",,,,
1021,096-416-5951,46,TRUE,เติมเงิน,"29,900",,,,
1022,096-416-5964,50,TRUE,เติมเงิน,"17,900",,,,
1023,096-416-5965,51,TRUE,เติมเงิน,"29,900",,,,
1024,096-416-6451,42,TRUE,เติมเงิน,"29,900",,,,
1025,096-416-6454,45,TRUE,เติมเงิน,"17,900",,,,
1026,096-416-6459,50,TRUE,เติมเงิน,"39,900",,,,
1027,095-416-6519,46,TRUE,เติมเงิน,"39,900",,,,
1028,096-416-6541,42,TRUE,เติมเงิน,"14,900",,,,
1029,096-416-6545,46,TRUE,เติมเงิน,"39,900",,,,
1030,096-416-6954,50,TRUE,เติมเงิน,"17,900",,,,
1031,095-416-9154,44,TRUE,เติมเงิน,"17,900",,,,
1032,096-416-9154,45,TRUE,เติมเงิน,"17,900",,,,
1033,096-416-9159,50,TRUE,เติมเงิน,"39,900",,,,
1034,096-416-9195,50,TRUE,เติมเงิน,"34,900",,,,
1035,096-416-9245,46,TRUE,เติมเงิน,"39,900",,,,
1036,096-416-9415,45,TRUE,เติมเงิน,"39,900",,,,
1037,096-416-9451,45,TRUE,เติมเงิน,"29,900",,,,
1038,096-416-9515,46,TRUE,เติมเงิน,"39,900",,,,
1039,096-416-9541,45,TRUE,เติมเงิน,"14,900",,,,
1040,096-416-9564,50,TRUE,เติมเงิน,"17,900",,,,
1041,096-416-9645,50,TRUE,เติมเงิน,"39,900",,,,
1042,096-416-9659,55,TRUE,เติมเงิน,"39,900",,,,
1043,096-416-9915,50,TRUE,เติมเงิน,"39,900",,,,
1044,096-416-9924,50,TRUE,เติมเงิน,"17,900",,,,
1045,096-419-1415,40,TRUE,เติมเงิน,"39,900",,,,
1046,096-419-1429,45,TRUE,เติมเงิน,"29,900",,,,
1047,096-419-1451,40,TRUE,เติมเงิน,"24,900",,,,
1048,096-419-1465,45,TRUE,เติมเงิน,"32,900",,,,
1049,096-419-1615,42,TRUE,เติมเงิน,"39,900",,,,
1050,096-419-1641,41,TRUE,เติมเงิน,"14,900",,,,
1051,096-419-1645,45,TRUE,เติมเงิน,"39,900",,,,
1052,096-419-1646,46,TRUE,เติมเงิน,"19,900",,,,
1053,096-419-1651,42,TRUE,เติมเงิน,"24,900",,,,
1054,095-419-1656,46,TRUE,เติมเงิน,"32,900",,,,
1055,096-419-1659,50,TRUE,เติมเงิน,"39,900",,,,
1056,096-419-1695,50,TRUE,เติมเงิน,"39,900",,,,
1057,096-419-2239,45,TRUE,เติมเงิน,"29,900",,,,
1058,096-419-2415,41,TRUE,เติมเงิน,"39,900",,,,
1059,096-419-2451,41,TRUE,เติมเงิน,"29,900",,,,
1060,096-419-2454,44,TRUE,เติมเงิน,"19,900",,,,
1061,096-419-2464,45,TRUE,เติมเงิน,"22,900",,,,
1062,096-419-2915,46,TRUE,เติมเงิน,"39,900",,,,
1063,096-419-2956,51,TRUE,เติมเงิน,"39,900",,,,
1064,096-419-2959,54,TRUE,เติมเงิน,"39,900",,,,
1065,096-419-2964,50,TRUE,เติมเงิน,"22,900",,,,
1066,096-419-2965,51,TRUE,เติมเงิน,"32,900",,,,
1067,096-419-4151,40,TRUE,เติมเงิน,"24,900",,,,
1068,096-419-4156,45,TRUE,เติมเงิน,"39,900",,,,
1069,096-419-4245,44,TRUE,เติมเงิน,"39,900",,,,
1070,096-419-4246,45,TRUE,เติมเงิน,"22,900",,,,
1071,096-419-4426,45,TRUE,เติมเงิน,"14,900",,,,
1072,096-419-4594,51,TRUE,เติมเงิน,"22,900",,,,
1073,096-419-4615,45,TRUE,เติมเงิน,"39,900",,,,
1074,096-419-4954,51,TRUE,เติมเงิน,"22,900",,,,
1075,096-419-5154,44,TRUE,เติมเงิน,"22,900",,,,
1076,096-419-5415,44,TRUE,เติมเงิน,"39,900",,,,
1077,096-419-5451,44,TRUE,เติมเงิน,"24,900",,,,
1078,096-419-5641,45,TRUE,เติมเงิน,"14,900",,,,
1079,096-419-5156,46,TRUE,เติมเงิน,"39,900",,,,
1080,096-419-5629,51,TRUE,เติมเงิน,"29,900",,,,
1081,096-419-5659,54,TRUE,เติมเงิน,"39,900",,,,
1082,096-419-5695,54,TRUE,เติมเงิน,"39,900",,,,
1083,096-419-5965,54,TRUE,เติมเงิน,"32,900",,,,
1084,096-419-6145,45,TRUE,เติมเงิน,"39,900",,,,
1085,096-419-6151,42,TRUE,เติมเงิน,"24,900",,,,
1086,096-419-6154,45,TRUE,เติมเงิน,"22,900",,,,
1087,096-419-6159,50,TRUE,เติมเงิน,"39,900",,,,
1088,096-419-6195,50,TRUE,เติมเงิน,"39,900",,,,
1089,096-419-6245,46,TRUE,เติมเงิน,"39,900",,,,
1090,096-419-6295,51,TRUE,เติมเงิน,"39,900",,,,
1091,096-419-6429,50,TRUE,เติมเงิน,"29,900",,,,
1092,096-419-6451,45,TRUE,เติมเงิน,"24,900",,,,
1093,096-419-6514,45,TRUE,เติมเงิน,"22,900",,,,
1094,096-419-6595,54,TRUE,เติมเงิน,"39,900",,,,
1095,096-419-6645,50,TRUE,เติมเงิน,"34,900",,,,
1096,096-419-6649,54,TRUE,เติมเงิน,"29,900",,,,
1097,096-419-6695,55,TRUE,เติมเงิน,"39,900",,,,
1098,096-419-6915,50,TRUE,เติมเงิน,"39,900",,,,
1099,096-419-6919,54,TRUE,เติมเงิน,"29,900",,,,
1100,096-419-6929,55,TRUE,เติมเงิน,"29,900",,,,
1101,096-419-6946,54,TRUE,เติมเงิน,"19,900",,,,
1102,096-419-6956,55,TRUE,เติมเงิน,"39,900",,,,
1103,096-419-8945,55,TRUE,เติมเงิน,"39,900",,,,
1104,096-419-8949,59,TRUE,เติมเงิน,"29,900",,,,
1105,096-419-9165,50,TRUE,เติมเงิน,"32,900",,,,
1106,096-419-9295,54,TRUE,เติมเงิน,"39,900",,,,
1107,096-419-9516,50,TRUE,เติมเงิน,"22,900",,,,
1108,096-419-9565,54,TRUE,เติมเงิน,"32,900",,,,
1109,096-419-9615,50,TRUE,เติมเงิน,"39,900",,,,
1110,096-419-9629,55,TRUE,เติมเงิน,"29,900",,,,
1111,096-419-9691,54,TRUE,เติมเงิน,"14,900",,,,
1112,083-423-5941,39,TRUE,เติมเงิน,"14,900",,,,
1113,083-423-6291,38,TRUE,เติมเงิน,"14,900",,,,
1114,095-423-6499,51,TRUE,เติมเงิน,"29,900",,,,
1115,096-423-6979,55,TRUE,เติมเงิน,"24,900",,,,
1116,083-423-9423,38,TRUE,เติมเงิน,"19,900",,,,
1117,096-423-9554,47,TRUE,เติมเงิน,"22,900",,,,
1118,083-423-9646,45,TRUE,เติมเงิน,"19,900",,,,
1119,096-424-1493,42,TRUE,เติมเงิน,"19,900",,,,
1120,095-424-4954,46,TRUE,เติมเงิน,"22,900",,,,
1121,095-424-6156,42,TRUE,เติมเงิน,"39,900",,,,
1122,095-424-6245,41,TRUE,เติมเงิน,"34,900",,,,
1123,083-424-6295,43,TRUE,เติมเงิน,"39,900",,,,
1124,095-424-6364,43,TRUE,เติมเงิน,"22,900",,,,
1125,064-424-6466,42,TRUE,เติมเงิน,"12,900",,,,
1126,095-424-6624,42,TRUE,เติมเงิน,"19,900",,,,
1127,095-426-2454,41,TRUE,เติมเงิน,"19,900",,,,
1128,083-426-2939,46,TRUE,เติมเงิน,"29,900",,,,
1129,095-426-4145,40,TRUE,เติมเงิน,"34,900",,,,
1130,083-426-6165,41,TRUE,เติมเงิน,"29,900",,,,
1131,083-426-9161,40,TRUE,เติมเงิน,"14,900",,,,
1132,095-426-9915,50,TRUE,เติมเงิน,"34,900",,,,
1133,095-426-9965,55,TRUE,เติมเงิน,"29,900",,,,
1134,096-428-2691,47,TRUE,เติมเงิน,"14,900",,,,
1135,095-429-1695,50,TRUE,เติมเงิน,"39,900",,,,
1136,096-429-3565,49,TRUE,เติมเงิน,"29,900",,,,
1137,095-429-6145,45,TRUE,เติมเงิน,"34,900",,,,
1138,095-429-9551,49,TRUE,เติมเงิน,"24,900",,,,
1139,083-461-4415,36,TRUE,เติมเงิน,"32,900",,,,
1140,083-461-4541,36,TRUE,เติมเงิน,"14,900",,,,
1141,083-461-4546,41,TRUE,เติมเงิน,"14,900",,,,
1142,083-461-4595,45,TRUE,เติมเงิน,"29,900",,,,
1143,083-461-4645,41,TRUE,เติมเงิน,"32,900",,,,
1144,096-461-4665,47,TRUE,เติมเงิน,"29,900",,,,
1145,083-461-4695,46,TRUE,เติมเงิน,"29,900",,,,
1146,083-461-4946,45,TRUE,เติมเงิน,"14,900",,,,
1147,083-461-4954,44,TRUE,เติมเงิน,"19,900",,,,
1148,083-461-4956,46,TRUE,เติมเงิน,"39,900",,,,
1149,083-461-5195,42,TRUE,เติมเงิน,"29,900",,,,
1150,083-461-5619,43,TRUE,เติมเงิน,"29,900",,,,
1151,083-461-5915,42,TRUE,เติมเงิน,"32,900",,,,
1152,083-461-5919,46,TRUE,เติมเงิน,"29,900",,,,
1153,095-461-6151,38,TRUE,เติมเงิน,"24,900",,,,
1154,083-461-6265,41,TRUE,เติมเงิน,"29,900",,,,
1155,083-461-6295,44,TRUE,เติมเงิน,"29,900",,,,
1156,083-461-6459,46,TRUE,เติมเงิน,"39,900",,,,
1157,083-461-6516,40,TRUE,เติมเงิน,"14,900",,,,
1158,083-461-9145,41,TRUE,เติมเงิน,"32,900",,,,
1159,083-461-9154,41,TRUE,เติมเงิน,"19,900",,,,
1160,083-461-9159,46,TRUE,เติมเงิน,"39,900",,,,
1161,083-461-9415,41,TRUE,เติมเงิน,"32,900",,,,
1162,083-461-9416,42,TRUE,เติมเงิน,"14,900",,,,
1163,083-461-9454,44,TRUE,เติมเงิน,"19,900",,,,
1164,083-461-9545,45,TRUE,เติมเงิน,"32,900",,,,
1165,083-461-9695,51,TRUE,เติมเงิน,"29,900",,,,
1166,083-461-9824,45,TRUE,เติมเงิน,"19,900",,,,
1167,083-461-9829,50,TRUE,เติมเงิน,"44,900",,,,
1168,096-461-9895,57,TRUE,เติมเงิน,"29,900",,,,
1169,083-461-9946,50,TRUE,เติมเงิน,"14,900",,,,
1170,083-461-9951,46,TRUE,เติมเงิน,"24,900",,,,
1171,083-461-9965,51,TRUE,เติมเงิน,"29,900",,,,
1172,083-462-2351,34,TRUE,เติมเงิน,"29,900",,,,
1173,083-462-2695,45,TRUE,เติมเงิน,"29,900",,,,
1174,083-462-2824,39,TRUE,เติมเงิน,"22,900",,,,
1175,083-462-2826,41,TRUE,เติมเงิน,"29,900",,,,
1176,083-462-2989,51,TRUE,เติมเงิน,"34,900",,,,
1177,083-462-4265,40,TRUE,เติมเงิน,"29,900",,,,
1178,083-462-4945,45,TRUE,เติมเงิน,"32,900",,,,
1179,083-462-4959,50,TRUE,เติมเงิน,"39,900",,,,
1180,083-462-4964,46,TRUE,เติมเงิน,"19,900",,,,
1181,083-462-6159,44,TRUE,เติมเงิน,"39,900",,,,
1182,083-462-6354,41,TRUE,เติมเงิน,"19,900",,,,
1183,083-462-6454,42,TRUE,เติมเงิน,"19,900",,,,
1184,083-462-6545,43,TRUE,เติมเงิน,"32,900",,,,
1185,083-462-6639,47,TRUE,เติมเงิน,"29,900",,,,
1186,083-462-8245,42,TRUE,เติมเงิน,"32,900",,,,
1187,083-462-8249,46,TRUE,เติมเงิน,"29,900",,,,
1188,083-462-8265,44,TRUE,เติมเงิน,"29,900",,,,
1189,096-462-9246,48,TRUE,เติมเงิน,"17,900",,,,
1190,083-462-9265,45,TRUE,เติมเงิน,"29,900",,,,
1191,083-462-9451,42,TRUE,เติมเงิน,"29,900",,,,
1192,083-462-9464,46,TRUE,เติมเงิน,"19,900",,,,
1193,083-462-9514,42,TRUE,เติมเงิน,"19,900",,,,
1194,083-462-9541,42,TRUE,เติมเงิน,"14,900",,,,
1195,083-462-9545,46,TRUE,เติมเงิน,"32,900",,,,
1196,083-462-9549,50,TRUE,เติมเงิน,"29,900",,,,
1197,083-462-9651,44,TRUE,เติมเงิน,"29,900",,,,
1198,083-462-9824,46,TRUE,เติมเงิน,"22,900",,,,
1199,083-462-9829,51,TRUE,เติมเงิน,"44,900",,,,
1200,095-462-9915,50,TRUE,เติมเงิน,"32,900",,,,
1201,083-462-9941,46,TRUE,เติมเงิน,"14,900",,,,
1202,083-462-9954,50,TRUE,เติมเงิน,"19,900",,,,
1203,095-463-5465,47,TRUE,เติมเงิน,"29,900",,,,
1204,096-463-6939,55,TRUE,เติมเงิน,"29,900",,,,
1205,083-463-6954,48,TRUE,เติมเงิน,"19,900",,,,
1206,083-463-9897,57,TRUE,เติมเงิน,"19,900",,,,
1207,083-464-1424,36,TRUE,เติมเงิน,"19,900",,,,
1208,083-464-1451,36,TRUE,เติมเงิน,"29,900",,,,
1209,083-464-1545,40,TRUE,เติมเงิน,"34,900",,,,
1210,083-464-1915,41,TRUE,เติมเงิน,"34,900",,,,
1211,083-464-1945,44,TRUE,เติมเงิน,"34,900",,,,
1212,083-464-1946,45,TRUE,เติมเงิน,"19,900",,,,
1213,083-464-1954,44,TRUE,เติมเงิน,"19,900",,,,
1214,083-464-1956,46,TRUE,เติมเงิน,"32,900",,,,
1215,083-464-2265,40,TRUE,เติมเงิน,"29,900",,,,
1216,083-464-2414,36,TRUE,เติมเงิน,"19,900",,,,
1217,096-464-2453,43,TRUE,เติมเงิน,"19,900",,,,
1218,083-464-2454,40,TRUE,เติมเงิน,"19,900",,,,
1219,083-464-2495,45,TRUE,เติมเงิน,"29,900",,,,
1220,095-464-2659,50,TRUE,เติมเงิน,"39,900",,,,
1221,083-464-2824,41,TRUE,เติมเงิน,"19,900",,,,
1222,083-464-2829,46,TRUE,เติมเงิน,"44,900",,,,
1223,083-464-2965,47,TRUE,เติมเงิน,"29,900",,,,
1224,083-464-4156,41,TRUE,เติมเงิน,"32,900",,,,
1225,083-464-4165,41,TRUE,เติมเงิน,"29,900",,,,
1226,083-464-4241,36,TRUE,เติมเงิน,"14,900",,,,
1227,083-464-4651,41,TRUE,เติมเงิน,"29,900",,,,
1228,083-464-4951,44,TRUE,เติมเงิน,"29,900",,,,
1229,083-464-5154,40,TRUE,เติมเงิน,"19,900",,,,
1230,083-464-5145,40,TRUE,เติมเงิน,"34,900",,,,
1231,083-464-5159,45,TRUE,เติมเงิน,"39,900",,,,
1232,083-464-5195,45,TRUE,เติมเงิน,"29,900",,,,
1233,083-464-5429,45,TRUE,เติมเงิน,"29,900",,,,
1234,083-464-5659,50,TRUE,เติมเงิน,"39,900",,,,
1235,083-464-5929,50,TRUE,เติมเงิน,"29,900",,,,
1236,083-464-5951,45,TRUE,เติมเงิน,"29,900",,,,
1237,083-464-5989,56,TRUE,เติมเงิน,"34,900",,,,
1238,083-464-9145,44,TRUE,เติมเงิน,"34,900",,,,
1239,083-464-9154,44,TRUE,เติมเงิน,"19,900",,,,
1240,083-464-9245,45,TRUE,เติมเงิน,"34,900",,,,
1241,083-464-9264,46,TRUE,เติมเงิน,"19,900",,,,
1242,083-464-9515,45,TRUE,เติมเงิน,"34,900",,,,
1243,083-464-9894,55,TRUE,เติมเงิน,"19,900",,,,
1244,083-469-1415,41,TRUE,เติมเงิน,"34,900",,,,
1245,083-469-1451,41,TRUE,เติมเงิน,"29,900",,,,
1246,083-469-1464,45,TRUE,เติมเงิน,"19,900",,,,
1247,083-469-1514,41,TRUE,เติมเงิน,"19,900",,,,
1248,095-469-1556,50,TRUE,เติมเงิน,"32,900",,,,
1249,083-469-1645,46,TRUE,เติมเงิน,"34,900",,,,
1250,083-469-1649,50,TRUE,เติมเงิน,"29,900",,,,
1251,083-469-1659,51,TRUE,เติมเงิน,"39,900",,,,
1252,083-469-1924,46,TRUE,เติมเงิน,"19,900",,,,
1253,083-469-1951,46,TRUE,เติมเงิน,"29,900",,,,
1254,083-469-1959,54,TRUE,เติมเงิน,"39,900",,,,
1255,083-469-1965,51,TRUE,เติมเงิน,"34,900",,,,
1256,083-469-2265,45,TRUE,เติมเงิน,"34,900",,,,
1257,083-469-2459,50,TRUE,เติมเงิน,"39,900",,,,
1258,083-469-2464,46,TRUE,เติมเงิน,"19,900",,,,
1259,083-469-2495,50,TRUE,เติมเงิน,"32,900",,,,
1260,083-469-2829,51,TRUE,เติมเงิน,"44,900",,,,
1261,083-469-2945,50,TRUE,เติมเงิน,"34,900",,,,
1262,083-469-2949,54,TRUE,เติมเงิน,"29,900",,,,
1263,083-469-2954,50,TRUE,เติมเงิน,"19,900",,,,
1264,095-469-2956,55,TRUE,เติมเงิน,"32,900",,,,
1265,083-469-2959,55,TRUE,เติมเงิน,"39,900",,,,
1266,083-469-3629,50,TRUE,เติมเงิน,"29,900",,,,
1267,083-469-4145,44,TRUE,เติมเงิน,"34,900",,,,
1268,083-469-4165,46,TRUE,เติมเงิน,"34,900",,,,
1269,083-469-4295,50,TRUE,เติมเงิน,"32,900",,,,
1270,083-469-4415,44,TRUE,เติมเงิน,"34,900",,,,
1271,083-469-4515,45,TRUE,เติมเงิน,"34,900",,,,
1272,083-469-4629,51,TRUE,เติมเงิน,"29,900",,,,
1273,083-469-4641,45,TRUE,เติมเงิน,"14,900",,,,
1274,083-469-4651,46,TRUE,เติมเงิน,"29,900",,,,
1275,083-469-4659,54,TRUE,เติมเงิน,"39,900",,,,
1276,083-469-4695,54,TRUE,เติมเงิน,"32,900",,,,
1277,096-469-4695,58,TRUE,เติมเงิน,"32,900",,,,
1278,083-469-5154,45,TRUE,เติมเงิน,"19,900",,,,
1279,083-469-5195,50,TRUE,เติมเงิน,"32,900",,,,
1280,083-469-5414,44,TRUE,เติมเงิน,"19,900",,,,
1281,083-469-5429,50,TRUE,เติมเงิน,"29,900",,,,
1282,083-469-5451,45,TRUE,เติมเงิน,"29,900",,,,
1283,083-469-5465,50,TRUE,เติมเงิน,"34,900",,,,
1284,083-469-5514,45,TRUE,เติมเงิน,"19,900",,,,
1285,083-469-5519,50,TRUE,เติมเงิน,"34,900",,,,
1286,083-469-5564,50,TRUE,เติมเงิน,"19,900",,,,
1287,083-469-5619,51,TRUE,เติมเงิน,"29,900",,,,
1288,083-469-5641,46,TRUE,เติมเงิน,"14,900",,,,
1289,083-469-5646,51,TRUE,เติมเงิน,"22,900",,,,
1290,083-469-5659,55,TRUE,เติมเงิน,"39,900",,,,
1291,083-469-5691,51,TRUE,เติมเงิน,"14,900",,,,
1292,083-469-5915,50,TRUE,เติมเงิน,"34,900",,,,
1293,083-469-5919,54,TRUE,เติมเงิน,"29,900",,,,
1294,083-469-5924,50,TRUE,เติมเงิน,"19,900",,,,
1295,083-469-5929,55,TRUE,เติมเงิน,"29,900",,,,
1296,083-469-5946,54,TRUE,เติมเงิน,"22,900",,,,
1297,083-469-6145,46,TRUE,เติมเงิน,"34,900",,,,
1298,083-469-6149,50,TRUE,เติมเงิน,"29,900",,,,
1299,083-469-6159,51,TRUE,เติมเงิน,"39,900",,,,
1300,083-469-6194,50,TRUE,เติมเงิน,"19,900",,,,
1301,083-469-6195,51,TRUE,เติมเงิน,"32,900",,,,
1302,096-469-6246,52,TRUE,เติมเงิน,"22,900",,,,
1303,083-469-6249,51,TRUE,เติมเงิน,"29,900",,,,
1304,083-469-6294,51,TRUE,เติมเงิน,"19,900",,,,
1305,083-469-6415,46,TRUE,เติมเงิน,"34,900",,,,
1306,083-469-6419,50,TRUE,เติมเงิน,"29,900",,,,
1307,083-469-6424,46,TRUE,เติมเงิน,"19,900",,,,
1308,083-469-6429,51,TRUE,เติมเงิน,"29,900",,,,
1309,064-469-6445,48,TRUE,เติมเงิน,"34,900",,,,
1310,083-469-6451,46,TRUE,เติมเงิน,"29,900",,,,
1311,083-469-6465,51,TRUE,เติมเงิน,"34,900",,,,
1312,083-469-6495,54,TRUE,เติมเงิน,"32,900",,,,
1313,083-469-6541,46,TRUE,เติมเงิน,"14,900",,,,
1314,083-469-6545,50,TRUE,เติมเงิน,"34,900",,,,
1315,083-469-6564,51,TRUE,เติมเงิน,"19,900",,,,
1316,083-469-6645,51,TRUE,เติมเงิน,"34,900",,,,
1317,083-469-6649,55,TRUE,เติมเงิน,"29,900",,,,
1318,064-469-6966,56,TRUE,เติมเงิน,"12,900",,,,
1319,083-469-8246,50,TRUE,เติมเงิน,"22,900",,,,
1320,083-469-8265,51,TRUE,เติมเงิน,"34,900",,,,
1321,083-469-8295,54,TRUE,เติมเงิน,"32,900",,,,
1322,083-469-8945,56,TRUE,เติมเงิน,"34,900",,,,
1323,083-469-9151,46,TRUE,เติมเงิน,"29,900",,,,
1324,083-469-9156,51,TRUE,เติมเงิน,"32,900",,,,
1325,083-469-9159,54,TRUE,เติมเงิน,"39,900",,,,
1326,083-469-9164,50,TRUE,เติมเงิน,"19,900",,,,
1327,083-469-9241,46,TRUE,เติมเงิน,"14,900",,,,
1328,083-469-9245,50,TRUE,เติมเงิน,"34,900",,,,
1329,083-469-9515,50,TRUE,เติมเงิน,"34,900",,,,
1330,083-469-9519,54,TRUE,เติมเงิน,"39,900",,,,
1331,083-469-9546,54,TRUE,เติมเงิน,"22,900",,,,
1332,083-469-9564,54,TRUE,เติมเงิน,"19,900",,,,
1333,083-469-9565,55,TRUE,เติมเงิน,"34,900",,,,
1334,083-469-9615,51,TRUE,เติมเงิน,"34,900",,,,
1335,083-469-9619,55,TRUE,เติมเงิน,"29,900",,,,
1336,083-469-9624,51,TRUE,เติมเงิน,"19,900",,,,
1337,083-469-9629,56,TRUE,เติมเงิน,"29,900",,,,
1338,083-469-9656,56,TRUE,เติมเงิน,"32,900",,,,
1339,083-469-9659,59,TRUE,เติมเงิน,"39,900",,,,
1340,083-469-9826,55,TRUE,เติมเงิน,"29,900",,,,
1341,064-514-1945,39,TRUE,เติมเงิน,"34,900",,,,
1342,095-514-1961,41,TRUE,เติมเงิน,"14,900",,,,
1343,083-514-2665,40,TRUE,เติมเงิน,"34,900",,,,
1344,099-514-4193,45,TRUE,เติมเงิน,"19,900",,,,
1345,095-514-4265,41,TRUE,เติมเงิน,"34,900",,,,
1346,095-514-4959,51,TRUE,เติมเงิน,"39,900",,,,
1347,082-514-5514,35,TRUE,เติมเงิน,"19,900",,,,
1348,095-514-5949,51,TRUE,เติมเงิน,"29,900",,,,
1349,099-514-9236,48,TRUE,เติมเงิน,"19,900",,,,
1350,099-514-9563,51,TRUE,เติมเงิน,"19,900",,,,
1351,095-514-9615,45,TRUE,เติมเงิน,"34,900",,,,
1352,082-515-1624,34,TRUE,เติมเงิน,"19,900",,,,
1353,095-515-1665,43,TRUE,เติมเงิน,"34,900",,,,
1354,095-515-1956,46,TRUE,เติมเงิน,"39,900",,,,
1355,096-515-3946,48,TRUE,เติมเงิน,"22,900",,,,
1356,096-515-4629,47,TRUE,เติมเงิน,"29,900",,,,
1357,082-515-5356,40,TRUE,เติมเงิน,"39,900",,,,
1358,096-515-5364,44,TRUE,เติมเงิน,"19,900",,,,
1359,096-515-6359,49,TRUE,เติมเงิน,"39,900",,,,
1360,099-515-6535,48,TRUE,เติมเงิน,"34,900",,,,
1361,096-515-6939,53,TRUE,เติมเงิน,"29,900",,,,
1362,082-515-6965,47,TRUE,เติมเงิน,"39,900",,,,
1363,095-515-9165,46,TRUE,เติมเงิน,"39,900",,,,
1364,095-515-9451,44,TRUE,เติมเงิน,"29,900",,,,
1365,095-516-1454,40,TRUE,เติมเงิน,"19,900",,,,
1366,082-516-2287,41,TRUE,เติมเงิน,"19,900",,,,
1367,096-516-2324,38,TRUE,เติมเงิน,"19,900",,,,
1368,099-516-2951,47,TRUE,เติมเงิน,"29,900",,,,
1369,082-516-3295,41,TRUE,เติมเงิน,"32,900",,,,
1370,082-516-4546,41,TRUE,เติมเงิน,"22,900",,,,
1371,096-516-4653,45,TRUE,เติมเงิน,"19,900",,,,
1372,095-516-4659,50,TRUE,เติมเงิน,"39,900",,,,
1373,095-516-4956,50,TRUE,เติมเงิน,"39,900",,,,
1374,082-516-5145,37,TRUE,เติมเงิน,"34,900",,,,
1375,082-516-6245,39,TRUE,เติมเงิน,"34,900",,,,
1376,096-516-6451,43,TRUE,เติมเงิน,"24,900",,,,
1377,095-516-6454,45,TRUE,เติมเงิน,"19,900",,,,
1378,095-516-6514,42,TRUE,เติมเงิน,"19,900",,,,
1379,095-516-6545,46,TRUE,เติมเงิน,"34,900",,,,
1380,083-516-9655,48,TRUE,เติมเงิน,"34,900",,,,
1381,095-519-1565,46,TRUE,เติมเงิน,"39,900",,,,
1382,099-519-3979,61,TRUE,เติมเงิน,"24,900",,,,
1383,083-519-4287,47,TRUE,เติมเงิน,"29,900",,,,
1384,095-519-4451,43,TRUE,เติมเงิน,"24,900",,,,
1385,096-519-4463,47,TRUE,เติมเงิน,"17,900",,,,
1386,096-519-4914,48,TRUE,เติมเงิน,"19,900",,,,
1387,095-519-5654,49,TRUE,เติมเงิน,"19,900",,,,
1388,082-519-5979,55,TRUE,เติมเงิน,"24,900",,,,
1389,083-519-6159,47,TRUE,เติมเงิน,"39,900",,,,
1390,099-519-6239,53,TRUE,เติมเงิน,"29,900",,,,
1391,083-519-9324,44,TRUE,เติมเงิน,"19,900",,,,
1392,095-465-1415,40,TRUE,เติมเงิน,"39,900",,,,
1393,083-465-1454,40,TRUE,เติมเงิน,"22,900",,,,
1394,083-465-1594,45,TRUE,เติมเงิน,"22,900",,,,
1395,083-465-1954,45,TRUE,เติมเงิน,"22,900",,,,
1396,083-465-4145,40,TRUE,เติมเงิน,"39,900",,,,
1397,096-465-3623,44,TRUE,เติมเงิน,"19,900",,,,
1398,083-465-4146,41,TRUE,เติมเงิน,"29,900",,,,
1399,083-465-4149,44,TRUE,เติมเงิน,"29,900",,,,
1400,083-465-4195,45,TRUE,เติมเงิน,"39,900",,,,
1401,083-465-4264,42,TRUE,เติมเงิน,"22,900",,,,
1402,083-465-4415,40,TRUE,เติมเงิน,"39,900",,,,
1403,083-465-4451,40,TRUE,เติมเงิน,"24,900",,,,
1404,083-465-4515,41,TRUE,เติมเงิน,"39,900",,,,
1405,083-465-4561,42,TRUE,เติมเงิน,"19,900",,,,
1406,083-465-4591,45,TRUE,เติมเงิน,"19,900",,,,
1407,095-465-4595,52,TRUE,เติมเงิน,"39,900",,,,
1408,083-465-4614,41,TRUE,เติมเงิน,"22,900",,,,
1409,083-465-4663,45,TRUE,เติมเงิน,"19,900",,,,
1410,083-465-4924,45,TRUE,เติมเงิน,"22,900",,,,
1411,083-465-4941,44,TRUE,เติมเงิน,"19,900",,,,
1412,083-465-5154,41,TRUE,เติมเงิน,"22,900",,,,
1413,083-465-5164,42,TRUE,เติมเงิน,"22,900",,,,
1414,083-465-5191,42,TRUE,เติมเงิน,"19,900",,,,
1415,083-465-5429,46,TRUE,เติมเงิน,"29,900",,,,
1416,083-465-5451,41,TRUE,เติมเงิน,"24,900",,,,
1417,083-465-5464,45,TRUE,เติมเงิน,"22,900",,,,
1418,095-465-5615,46,TRUE,เติมเงิน,"39,900",,,,
1419,083-465-5616,44,TRUE,เติมเงิน,"29,900",,,,
1420,083-465-5919,50,TRUE,เติมเงิน,"29,900",,,,
1421,083-465-5924,46,TRUE,เติมเงิน,"22,900",,,,
1422,083-465-5946,50,TRUE,เติมเงิน,"29,900",,,,
1423,083-465-5951,46,TRUE,เติมเงิน,"29,900",,,,
1424,083-465-6149,46,TRUE,เติมเงิน,"29,900",,,,
1425,083-465-6359,49,TRUE,เติมเงิน,"39,900",,,,
1426,083-465-6419,46,TRUE,เติมเงิน,"29,900",,,,
1427,083-465-6451,42,TRUE,เติมเงิน,"24,900",,,,
1428,083-465-6919,51,TRUE,เติมเงิน,"29,900",,,,
1429,083-465-6964,51,TRUE,เติมเงิน,"22,900",,,,
1430,083-465-9159,50,TRUE,เติมเงิน,"39,900",,,,
1431,095-465-9161,46,TRUE,เติมเงิน,"19,900",,,,
1432,083-465-9164,46,TRUE,เติมเงิน,"22,900",,,,
1433,083-465-9195,50,TRUE,เติมเงิน,"39,900",,,,
1434,083-465-9415,45,TRUE,เติมเงิน,"39,900",,,,
1435,083-465-9546,50,TRUE,เติมเงิน,"29,900",,,,
1436,083-465-9915,50,TRUE,เติมเงิน,"39,900",,,,
1437,083-465-9951,50,TRUE,เติมเงิน,"29,900",,,,
1438,083-465-9646,51,TRUE,เติมเงิน,"29,900",,,,
1439,099-532-2965,50,TRUE,เติมเงิน,"39,900",,,,
1440,096-532-3979,53,TRUE,เติมเงิน,"24,900",,,,
1441,095-532-4195,43,TRUE,เติมเงิน,"32,900",,,,
1442,082-532-4459,42,TRUE,เติมเงิน,"39,900",,,,
1443,099-532-4645,47,TRUE,เติมเงิน,"39,900",,,,
1444,099-532-4926,49,TRUE,เติมเงิน,"24,900",,,,
1445,085-532-4956,47,TRUE,เติมเงิน,"39,900",,,,
1446,085-532-6364,42,TRUE,เติมเงิน,"19,900",,,,
1447,096-532-6415,41,TRUE,เติมเงิน,"39,900",,,,
1448,096-532-6651,43,TRUE,เติมเงิน,"24,900",,,,
1449,083-532-6987,51,TRUE,เติมเงิน,"32,900",,,,
1450,082-532-6994,48,TRUE,เติมเงิน,"19,900",,,,
1451,099-532-8265,49,TRUE,เติมเงิน,"39,900",,,,
1452,096-532-9239,48,TRUE,เติมเงิน,"29,900",,,,
1453,083-532-9446,44,TRUE,เติมเงิน,"22,900",,,,
1454,099-532-9897,61,TRUE,เติมเงิน,"32,900",,,,
1455,082-535-1454,37,TRUE,เติมเงิน,"19,900",,,,
1456,099-535-1695,52,TRUE,เติมเงิน,"34,900",,,,
1457,083-535-3941,41,TRUE,เติมเงิน,"17,900",,,,
1458,083-535-4965,48,TRUE,เติมเงิน,"39,900",,,,
1459,095-535-6536,47,TRUE,เติมเงิน,"24,900",,,,
1460,083-535-9236,44,TRUE,เติมเงิน,"24,900",,,,
1461,082-535-9445,45,TRUE,เติมเงิน,"34,900",,,,
1462,095-535-9445,49,TRUE,เติมเงิน,"34,900",,,,
1463,083-536-1654,41,TRUE,เติมเงิน,"19,900",,,,
1464,064-536-2245,37,TRUE,เติมเงิน,"32,900",,,,
1465,083-536-2246,39,TRUE,เติมเงิน,"24,900",,,,
1466,099-536-2419,48,TRUE,เติมเงิน,"29,900",,,,
1467,099-536-2935,51,TRUE,เติมเงิน,"34,900",,,,
1468,082-536-2959,49,TRUE,เติมเงิน,"39,900",,,,
1469,099-536-2963,52,TRUE,เติมเงิน,"19,900",,,,
1470,099-536-2989,60,TRUE,เติมเงิน,"34,900",,,,
1471,099-536-3539,52,TRUE,เติมเงิน,"29,900",,,,
1472,082-536-4665,45,TRUE,เติมเงิน,"39,900",,,,
1473,096-536-4924,48,TRUE,เติมเงิน,"19,900",,,,
1474,099-536-4939,57,TRUE,เติมเงิน,"29,900",,,,
1475,099-536-5154,47,TRUE,เติมเงิน,"19,900",,,,
1476,099-536-6263,49,TRUE,เติมเงิน,"19,900",,,,
1477,099-536-6419,52,TRUE,เติมเงิน,"29,900",,,,
1478,099-536-9163,51,TRUE,เติมเงิน,"19,900",,,,
1479,099-536-9515,52,TRUE,เติมเงิน,"39,900",,,,
1480,096-536-9914,52,TRUE,เติมเงิน,"19,900",,,,
1481,082-539-1451,38,TRUE,เติมเงิน,"29,900",,,,
1482,096-539-1653,47,TRUE,เติมเงิน,"19,900",,,,
1483,099-539-1936,54,TRUE,เติมเงิน,"29,900",,,,
1484,099-539-1946,55,TRUE,เติมเงิน,"29,900",,,,
1485,096-539-1963,51,TRUE,เติมเงิน,"19,900",,,,
1486,099-539-2249,52,TRUE,เติมเงิน,"29,900",,,,
1487,083-539-2459,48,TRUE,เติมเงิน,"39,900",,,,
1488,082-539-4146,42,TRUE,เติมเงิน,"24,900",,,,
1489,083-539-5164,44,TRUE,เติมเงิน,"22,900",,,,
1490,083-539-5979,58,TRUE,เติมเงิน,"24,900",,,,
1491,096-539-6154,48,TRUE,เติมเงิน,"22,900",,,,
1492,096-539-6195,53,TRUE,เติมเงิน,"34,900",,,,
1493,083-539-6393,49,TRUE,เติมเงิน,"19,900",,,,
1494,099-539-8919,62,TRUE,เติมเงิน,"29,900",,,,
1495,099-623-2924,46,TRUE,เติมเงิน,"22,900",,,,
1496,064-623-5354,38,TRUE,เติมเงิน,"22,900",,,,
1497,064-623-5664,42,TRUE,เติมเงิน,"22,900",,,,
1498,064-623-6995,50,TRUE,เติมเงิน,"34,900",,,,
1499,095-624-4965,50,TRUE,เติมเงิน,"39,900",,,,
1500,064-624-5394,43,TRUE,เติมเงิน,"22,900",,,,
1501,095-624-5424,41,TRUE,เติมเงิน,"22,900",,,,
1502,095-624-6651,44,TRUE,เติมเงิน,"24,900",,,,
1503,095-624-9159,50,TRUE,เติมเงิน,"39,900",,,,
1504,099-624-9823,52,TRUE,เติมเงิน,"19,900",,,,
1505,095-624-9964,54,TRUE,เติมเงิน,"22,900",,,,
1506,095-626-2499,52,TRUE,เติมเงิน,"29,900",,,,
1507,099-626-2619,50,TRUE,เติมเงิน,"29,900",,,,
1508,095-626-2664,46,TRUE,เติมเงิน,"19,900",,,,
1509,095-626-3536,45,TRUE,เติมเงิน,"19,900",,,,
1510,095-626-4659,52,TRUE,เติมเงิน,"39,900",,,,
1511,095-626-5154,43,TRUE,เติมเงิน,"19,900",,,,
1512,099-626-5616,50,TRUE,เติมเงิน,"19,900",,,,
1513,099-626-9946,60,TRUE,เติมเงิน,"19,900",,,,
1514,099-628-2414,45,TRUE,เติมเงิน,"22,900",,,,
1515,095-629-1945,50,TRUE,เติมเงิน,"34,900",,,,
1516,095-629-2919,52,TRUE,เติมเงิน,"29,900",,,,
1517,095-629-4945,53,TRUE,เติมเงิน,"34,900",,,,
1518,095-629-5514,46,TRUE,เติมเงิน,"22,900",,,,
1519,095-629-5964,55,TRUE,เติมเงิน,"22,900",,,,
1520,099-629-6223,48,TRUE,เติมเงิน,"19,900",,,,
1521,082-629-6235,43,TRUE,เติมเงิน,"34,900",,,,
1522,099-629-6393,56,TRUE,เติมเงิน,"19,900",,,,
1523,095-629-6945,55,TRUE,เติมเงิน,"34,900",,,,
1524,099-629-8264,55,TRUE,เติมเงิน,"22,900",,,,
1525,082-629-8979,60,TRUE,เติมเงิน,"34,900",,,,
1526,082-629-9364,49,TRUE,เติมเงิน,"22,900",,,,
1527,099-629-9654,59,TRUE,เติมเงิน,"22,900",,,,
1528,088-632-2324,38,TRUE,เติมเงิน,"22,900",,,,
1529,099-632-2359,48,TRUE,เติมเงิน,"39,900",,,,
1530,099-632-4295,49,TRUE,เติมเงิน,"34,900",,,,
1531,082-632-9415,40,TRUE,เติมเงิน,"34,900",,,,
1532,096-635-1455,44,TRUE,เติมเงิน,"29,900",,,,
1533,095-635-3549,49,TRUE,เติมเงิน,"29,900",,,,
1534,099-635-4541,46,TRUE,เติมเงิน,"17,900",,,,
1535,099-635-6324,47,TRUE,เติมเงิน,"22,900",,,,
1536,096-635-6624,47,TRUE,เติมเงิน,"22,900",,,,
1537,099-635-9829,60,TRUE,เติมเงิน,"44,900",,,,
1538,088-635-9899,65,TRUE,เติมเงิน,"29,900",,,,
1539,095-636-3263,43,TRUE,เติมเงิน,"19,900",,,,
1540,082-636-3563,42,TRUE,เติมเงิน,"19,900",,,,
1541,088-636-5366,51,TRUE,เติมเงิน,"19,900",,,,
1542,096-636-6299,56,TRUE,เติมเงิน,"29,900",,,,
1543,088-636-9324,49,TRUE,เติมเงิน,"22,900",,,,
1544,082-639-1691,45,TRUE,เติมเงิน,"17,900",,,,
1545,088-639-1926,52,TRUE,เติมเงิน,"44,900",,,,
1546,088-639-1979,60,TRUE,เติมเงิน,"24,900",,,,
1547,082-639-2464,44,TRUE,เติมเงิน,"22,900",,,,
1548,082-639-3236,42,TRUE,เติมเงิน,"44,900",,,,
1549,064-639-3964,50,TRUE,เติมเงิน,"22,900",,,,
1550,088-639-5535,52,TRUE,เติมเงิน,"29,900",,,,
1551,064-639-5987,57,TRUE,เติมเงิน,"39,900",,,,
1552,096-639-6355,52,TRUE,เติมเงิน,"29,900",,,,
1553,082-639-6944,51,TRUE,เติมเงิน,"22,900",,,,
1554,096-641-4615,42,TRUE,เติมเงิน,"32,900",,,,
1555,096-641-4619,46,TRUE,เติมเงิน,"29,900",,,,
1556,096-641-4691,46,TRUE,เติมเงิน,"17,900",,,,
1557,096-641-4929,50,TRUE,เติมเงิน,"29,900",,,,
1558,096-641-4915,45,TRUE,เติมเงิน,"34,900",,,,
1559,096-641-4916,46,TRUE,เติมเงิน,"19,900",,,,
1560,096-641-5145,41,TRUE,เติมเงิน,"32,900",,,,
1561,096-641-5195,46,TRUE,เติมเงิน,"32,900",,,,
1562,096-641-5464,45,TRUE,เติมเงิน,"19,900",,,,
1563,096-641-5491,45,TRUE,เติมเงิน,"17,900",,,,
1564,096-641-5564,46,TRUE,เติมเงิน,"19,900",,,,
1565,096-641-5929,51,TRUE,เติมเงิน,"29,900",,,,
1566,096-641-5951,46,TRUE,เติมเงิน,"29,900",,,,
1567,096-641-6151,39,TRUE,เติมเงิน,"24,900",,,,
1568,096-641-6415,42,TRUE,เติมเงิน,"32,900",,,,
1569,096-641-6419,46,TRUE,เติมเงิน,"29,900",,,,
1570,096-641-6424,42,TRUE,เติมเงิน,"19,900",,,,
1571,096-641-6451,42,TRUE,เติมเงิน,"24,900",,,,
1572,096-641-6454,45,TRUE,เติมเงิน,"19,900",,,,
1573,096-641-6514,42,TRUE,เติมเงิน,"19,900",,,,
1574,096-641-6516,44,TRUE,เติมเงิน,"19,900",,,,
1575,096-641-6941,46,TRUE,เติมเงิน,"17,900",,,,
1576,082-641-6956,47,TRUE,เติมเงิน,"39,900",,,,
1577,096-641-9451,45,TRUE,เติมเงิน,"24,900",,,,
1578,096-641-9514,45,TRUE,เติมเงิน,"19,900",,,,
1579,096-641-9659,55,TRUE,เติมเงิน,"39,900",,,,
1580,096-642-2399,50,TRUE,เติมเงิน,"29,900",,,,
1581,096-642-4164,42,TRUE,เติมเงิน,"19,900",,,,
1582,096-642-4194,45,TRUE,เติมเงิน,"19,900",,,,
1583,096-642-4514,41,TRUE,เติมเงิน,"19,900",,,,
1584,096-642-4964,50,TRUE,เติมเงิน,"19,900",,,,
1585,096-642-6156,45,TRUE,เติมเงิน,"32,900",,,,
1586,096-642-9495,54,TRUE,เติมเงิน,"32,900",,,,
1587,096-642-9649,55,TRUE,เติมเงิน,"29,900",,,,
1588,096-642-9945,54,TRUE,เติมเงิน,"32,900",,,,
1589,096-642-9954,54,TRUE,เติมเงิน,"19,900",,,,
1590,096-645-1915,46,TRUE,เติมเงิน,"32,900",,,,
1591,095-645-3554,46,TRUE,เติมเงิน,"17,900",,,,
1592,095-645-4161,41,TRUE,เติมเงิน,"17,900",,,,
1593,096-645-4161,42,TRUE,เติมเงิน,"17,900",,,,
1594,095-645-4595,52,TRUE,เติมเงิน,"39,900",,,,
1595,064-645-4939,50,TRUE,เติมเงิน,"29,900",,,,
1596,096-645-5451,45,TRUE,เติมเงิน,"24,900",,,,
1597,096-645-5645,50,TRUE,เติมเงิน,"34,900",,,,
1598,096-645-5646,51,TRUE,เติมเงิน,"24,900",,,,
1599,096-645-6195,51,TRUE,เติมเงิน,"39,900",,,,
1600,096-645-6495,54,TRUE,เติมเงิน,"39,900",,,,
1601,096-645-9164,50,TRUE,เติมเงิน,"19,900",,,,
1602,082-645-9351,43,TRUE,เติมเงิน,"29,900",,,,
1603,096-646-1464,46,TRUE,เติมเงิน,"19,900",,,,
1604,082-646-1915,42,TRUE,เติมเงิน,"32,900",,,,
1605,095-646-2959,55,TRUE,เติมเงิน,"39,900",,,,
1606,082-646-3615,41,TRUE,เติมเงิน,"32,900",,,,
1607,095-646-4665,51,TRUE,เติมเงิน,"39,900",,,,
1608,096-646-5154,46,TRUE,เติมเงิน,"19,900",,,,
1609,096-646-5414,45,TRUE,เติมเงิน,"19,900",,,,
1610,096-646-5495,54,TRUE,เติมเงิน,"29,900",,,,
1611,096-646-5694,55,TRUE,เติมเงิน,"19,900",,,,
1612,095-646-5924,50,TRUE,เติมเงิน,"19,900",,,,
1613,082-646-6195,47,TRUE,เติมเงิน,"29,900",,,,
1614,096-646-6494,54,TRUE,เติมเงิน,"19,900",,,,
1615,096-646-9164,51,TRUE,เติมเงิน,"19,900",,,,
1616,095-646-9295,55,TRUE,เติมเงิน,"29,900",,,,
1617,082-646-9459,53,TRUE,เติมเงิน,"39,900",,,,
1618,095-646-9615,51,TRUE,เติมเงิน,"32,900",,,,
1619,082-646-9965,55,TRUE,เติมเงิน,"39,900",,,,
1620,096-649-1424,45,TRUE,เติมเงิน,"19,900",,,,
1621,095-649-1459,52,TRUE,เติมเงิน,"39,900",,,,
1622,095-649-1541,44,TRUE,เติมเงิน,"17,900",,,,
1623,096-649-3551,48,TRUE,เติมเงิน,"24,900",,,,
1624,096-649-5141,45,TRUE,เติมเงิน,"17,900",,,,
1625,096-649-5164,50,TRUE,เติมเงิน,"19,900",,,,
1626,088-649-5994,62,TRUE,เติมเงิน,"19,900",,,,
1627,095-649-6645,54,TRUE,เติมเงิน,"32,900",,,,
1628,095-649-6924,54,TRUE,เติมเงิน,"19,900",,,,
1629,096-649-7963,59,TRUE,เติมเงิน,"19,900",,,,
1630,082-649-8793,56,TRUE,เติมเงิน,"22,900",,,,
1631,095-649-9165,54,TRUE,เติมเงิน,"39,900",,,,
1632,096-649-9624,55,TRUE,เติมเงิน,"19,900",,,,
1633,095-661-4465,46,TRUE,เติมเงิน,"29,900",,,,
1634,095-661-4515,42,TRUE,เติมเงิน,"29,900",,,,
1635,095-662-2455,44,TRUE,เติมเงิน,"29,900",,,,
1636,082-662-9829,52,TRUE,เติมเงิน,"44,900",,,,
1637,082-663-2265,40,TRUE,เติมเงิน,"29,900",,,,
1638,082-663-2936,45,TRUE,เติมเงิน,"19,900",,,,
1639,064-663-5355,43,TRUE,เติมเงิน,"29,900",,,,
1640,082-663-5989,56,TRUE,เติมเงิน,"34,900",,,,
1641,088-663-9295,56,TRUE,เติมเงิน,"29,900",,,,
1642,082-663-9965,54,TRUE,เติมเงิน,"29,900",,,,
1643,088-664-6654,53,TRUE,เติมเงิน,"19,900",,,,
1644,095-664-9656,56,TRUE,เติมเงิน,"32,900",,,,
1645,082-664-9879,59,TRUE,เติมเงิน,"39,900",,,,
1646,095-665-1451,42,TRUE,เติมเงิน,"24,900",,,,
1647,095-665-3559,53,TRUE,เติมเงิน,"39,900",,,,
1648,095-665-3654,49,TRUE,เติมเงิน,"19,900",,,,
1649,095-665-5919,55,TRUE,เติมเงิน,"29,900",,,,
1650,064-669-1663,47,TRUE,เติมเงิน,"17,900",,,,
1651,064-669-2287,50,TRUE,เติมเงิน,"19,900",,,,
1652,095-669-4156,51,TRUE,เติมเงิน,"32,900",,,,
1653,095-669-5159,55,TRUE,เติมเงิน,"39,900",,,,
1654,095-669-6646,57,TRUE,เติมเงิน,"14,900",,,,
1655,082-669-8265,52,TRUE,เติมเงิน,"29,900",,,,
1656,095-669-9356,58,TRUE,เติมเงิน,"32,900",,,,
1657,082-669-9646,56,TRUE,เติมเงิน,"14,900",,,,
1658,088-669-9695,66,TRUE,เติมเงิน,"29,900",,,,
1659,091-787-9226,51,TRUE,เติมเงิน,"29,900",,,,
1660,099-787-9236,60,TRUE,เติมเงิน,"29,900",,,,
1661,095-787-9266,59,TRUE,เติมเงิน,"29,900",,,,
1662,063-823-2356,38,TRUE,เติมเงิน,"39,900",,,,
1663,095-823-2495,47,TRUE,เติมเงิน,"39,900",,,,
1664,095-823-2656,46,TRUE,เติมเงิน,"39,900",,,,
1665,095-823-2824,43,TRUE,เติมเงิน,"22,900",,,,
1666,065-823-2989,52,TRUE,เติมเงิน,"34,900",,,,
1667,063-823-2995,47,TRUE,เติมเงิน,"39,900",,,,
1668,091-823-5166,41,TRUE,เติมเงิน,"34,900",,,,
1669,083-823-5641,40,TRUE,เติมเงิน,"19,900",,,,
1670,064-823-6224,37,TRUE,เติมเงิน,"22,900",,,,
1671,083-823-6353,41,TRUE,เติมเงิน,"17,900",,,,
1672,063-823-6355,41,TRUE,เติมเงิน,"29,900",,,,
1673,064-823-6364,42,TRUE,เติมเงิน,"22,900",,,,
1674,063-823-6491,42,TRUE,เติมเงิน,"19,900",,,,
1675,065-823-6964,49,TRUE,เติมเงิน,"22,900",,,,
1676,065-823-9664,49,TRUE,เติมเงิน,"22,900",,,,
1677,091-823-9699,56,TRUE,เติมเงิน,"29,900",,,,
1678,091-824-1456,40,TRUE,เติมเงิน,"39,900",,,,
1679,063-824-1493,40,TRUE,เติมเงิน,"19,900",,,,
1680,083-824-1694,45,TRUE,เติมเงิน,"22,900",,,,
1681,083-824-1695,46,TRUE,เติมเงิน,"39,900",,,,
1682,095-824-1699,53,TRUE,เติมเงิน,"29,900",,,,
1683,083-824-1914,40,TRUE,เติมเงิน,"22,900",,,,
1684,083-824-1924,41,TRUE,เติมเงิน,"22,900",,,,
1685,083-824-1929,46,TRUE,เติมเงิน,"29,900",,,,
1686,083-824-1951,41,TRUE,เติมเงิน,"29,900",,,,
1687,083-824-1964,45,TRUE,เติมเงิน,"22,900",,,,
1688,064-824-2461,37,TRUE,เติมเงิน,"19,900",,,,
1689,083-824-2914,41,TRUE,เติมเงิน,"22,900",,,,
1690,083-824-2941,41,TRUE,เติมเงิน,"19,900",,,,
1691,083-824-2945,45,TRUE,เติมเงิน,"34,900",,,,
1692,083-824-2946,46,TRUE,เติมเงิน,"34,900",,,,
1693,083-824-2964,46,TRUE,เติมเงิน,"22,900",,,,
1694,083-824-4164,40,TRUE,เติมเงิน,"22,900",,,,
1695,091-824-4165,40,TRUE,เติมเงิน,"34,900",,,,
1696,083-824-4916,45,TRUE,เติมเงิน,"34,900",,,,
1697,083-824-4951,44,TRUE,เติมเงิน,"29,900",,,,
1698,095-824-4997,57,TRUE,เติมเงิน,"29,900",,,,
1699,095-824-4997,57,TRUE,เติมเงิน,"29,900",,,,
1700,091-824-5144,38,TRUE,เติมเงิน,"22,900",,,,
1701,095-824-5155,44,TRUE,เติมเงิน,"29,900",,,,
1702,083-824-5164,41,TRUE,เติมเงิน,"22,900",,,,
1703,083-824-5426,42,TRUE,เติมเงิน,"34,900",,,,
1704,083-824-5514,40,TRUE,เติมเงิน,"22,900",,,,
1705,083-824-5591,45,TRUE,เติมเงิน,"19,900",,,,
1706,083-824-5626,44,TRUE,เติมเงิน,"34,900",,,,
1707,083-824-5941,44,TRUE,เติมเงิน,"19,900",,,,
1708,083-824-6164,42,TRUE,เติมเงิน,"22,900",,,,
1709,065-824-6366,46,TRUE,เติมเงิน,"34,900",,,,
1710,083-824-6424,41,TRUE,เติมเงิน,"22,900",,,,
1711,083-824-6451,41,TRUE,เติมเงิน,"24,900",,,,
1712,083-824-6541,41,TRUE,เติมเงิน,"19,900",,,,
1713,083-824-6546,46,TRUE,เติมเงิน,"34,900",,,,
1714,091-824-6551,41,TRUE,เติมเงิน,"24,900",,,,
1715,083-824-6614,42,TRUE,เติมเงิน,"22,900",,,,
1716,083-824-6649,50,TRUE,เติมเงิน,"29,900",,,,
1717,091-824-6659,50,TRUE,เติมเงิน,"39,900",,,,
1718,083-824-6919,50,TRUE,เติมเงิน,"29,900",,,,
1719,083-824-6924,46,TRUE,เติมเงิน,"22,900",,,,
1720,083-824-6964,50,TRUE,เติมเงิน,"22,900",,,,
1721,083-824-9151,41,TRUE,เติมเงิน,"24,900",,,,
1722,065-824-9193,47,TRUE,เติมเงิน,"19,900",,,,
1723,083-824-9245,45,TRUE,เติมเงิน,"39,900",,,,
1724,083-824-9246,46,TRUE,เติมเงิน,"34,900",,,,
1725,083-824-9295,50,TRUE,เติมเงิน,"39,900",,,,
1726,096-824-9419,52,TRUE,เติมเงิน,"29,900",,,,
1727,083-824-9424,44,TRUE,เติมเงิน,"22,900",,,,
1728,096-824-9536,52,TRUE,เติมเงิน,"34,900",,,,
1729,096-824-9599,61,TRUE,เติมเงิน,"29,900",,,,
1730,083-824-9624,46,TRUE,เติมเงิน,"22,900",,,,
1731,064-824-9641,44,TRUE,เติมเงิน,"19,900",,,,
1732,083-824-9651,46,TRUE,เติมเงิน,"24,900",,,,
1733,083-824-9695,54,TRUE,เติมเงิน,"39,900",,,,
1734,085-824-9794,56,TRUE,เติมเงิน,"22,900",,,,
1735,083-824-9894,55,TRUE,เติมเงิน,"22,900",,,,
1736,096-824-9935,55,TRUE,เติมเงิน,"34,900",,,,
1737,065-824-9954,52,TRUE,เติมเงิน,"22,900",,,,
1738,091-826-1463,40,TRUE,เติมเงิน,"19,900",,,,
1739,083-826-1565,44,TRUE,เติมเงิน,"34,900",,,,
1740,083-826-1646,44,TRUE,เติมเงิน,"32,900",,,,
1741,083-826-1691,44,TRUE,เติมเงิน,"19,900",,,,
1742,083-826-1945,46,TRUE,เติมเงิน,"32,900",,,,
1743,063-826-1964,45,TRUE,เติมเงิน,"22,900",,,,
1744,083-826-1989,54,TRUE,เติมเงิน,"34,900",,,,
1745,083-826-2241,36,TRUE,เติมเงิน,"19,900",,,,
1746,095-826-2246,44,TRUE,เติมเงิน,"32,900",,,,
1747,083-826-2264,41,TRUE,เติมเงิน,"22,900",,,,
1748,064-826-2366,43,TRUE,เติมเงิน,"32,900",,,,
1749,096-826-2466,49,TRUE,เติมเงิน,"32,900",,,,
1750,095-826-3266,47,TRUE,เติมเงิน,"32,900",,,,
1751,065-826-3566,47,TRUE,เติมเงิน,"32,900",,,,
1752,096-826-3995,57,TRUE,เติมเงิน,"39,900",,,,
1753,083-826-4145,41,TRUE,เติมเงิน,"32,900",,,,
1754,095-826-4295,50,TRUE,เติมเงิน,"39,900",,,,
1755,096-826-4454,48,TRUE,เติมเงิน,"22,900",,,,
1756,083-826-4514,41,TRUE,เติมเงิน,"22,900",,,,
1757,083-826-4595,50,TRUE,เติมเงิน,"39,900",,,,
1758,083-826-4695,51,TRUE,เติมเงิน,"39,900",,,,
1759,064-826-4699,54,TRUE,เติมเงิน,"29,900",,,,
1760,083-826-4919,50,TRUE,เติมเงิน,"29,900",,,,
1761,083-826-4924,46,TRUE,เติมเงิน,"22,900",,,,
1762,083-826-4946,50,TRUE,เติมเงิน,"32,900",,,,
1763,083-826-4951,46,TRUE,เติมเงิน,"24,900",,,,
1764,096-826-5164,47,TRUE,เติมเงิน,"22,900",,,,
1765,083-826-5541,42,TRUE,เติมเงิน,"19,900",,,,
1766,065-826-5923,46,TRUE,เติมเงิน,"19,900",,,,
1767,083-826-5949,54,TRUE,เติมเงิน,"29,900",,,,
1768,083-826-5964,51,TRUE,เติมเงิน,"22,900",,,,
1769,083-826-6151,40,TRUE,เติมเงิน,"24,900",,,,
1770,083-826-6241,40,TRUE,เติมเงิน,"19,900",,,,
1771,083-826-6246,45,TRUE,เติมเงิน,"32,900",,,,
1772,083-826-6454,46,TRUE,เติมเงิน,"22,900",,,,
1773,083-826-6495,51,TRUE,เติมเงิน,"39,900",,,,
1774,083-826-9195,51,TRUE,เติมเงิน,"39,900",,,,
1775,063-826-9326,45,TRUE,เติมเงิน,"32,900",,,,
1776,091-826-9495,53,TRUE,เติมเงิน,"39,900",,,,
1777,095-826-9495,57,TRUE,เติมเงิน,"39,900",,,,
1778,064-826-9499,57,TRUE,เติมเงิน,"29,900",,,,
1779,083-826-9545,50,TRUE,เติมเงิน,"39,900",,,,
1780,083-826-9564,51,TRUE,เติมเงิน,"22,900",,,,
1781,095-826-9695,59,TRUE,เติมเงิน,"39,900",,,,
1782,083-826-9915,51,TRUE,เติมเงิน,"39,900",,,,
1783,083-826-9941,50,TRUE,เติมเงิน,"19,900",,,,
1784,083-826-9946,55,TRUE,เติมเงิน,"32,900",,,,
1785,083-826-9951,51,TRUE,เติมเงิน,"24,900",,,,
1786,083-826-9964,55,TRUE,เติมเงิน,"22,900",,,,
1787,091-826-9979,60,TRUE,เติมเงิน,"24,900",,,,
1788,095-828-2264,46,TRUE,เติมเงิน,"24,900",,,,
1789,095-828-7924,54,TRUE,เติมเงิน,"24,900",,,,
1790,063-828-2364,42,TRUE,เติมเงิน,"24,900",,,,
1791,095-828-2655,50,TRUE,เติมเงิน,"29,900",,,,
1792,063-829-1456,44,TRUE,เติมเงิน,"39,900",,,,
1793,083-829-1645,46,TRUE,เติมเงิน,"39,900",,,,
1794,083-829-1659,51,TRUE,เติมเงิน,"39,900",,,,
1795,091-829-1699,54,TRUE,เติมเงิน,"29,900",,,,
1796,083-829-1924,46,TRUE,เติมเงิน,"24,900",,,,
1797,091-829-2355,44,TRUE,เติมเงิน,"29,900",,,,
1798,083-829-2454,45,TRUE,เติมเงิน,"24,900",,,,
1799,083-829-2649,51,TRUE,เติมเงิน,"29,900",,,,
1800,096-829-2655,52,TRUE,เติมเงิน,"29,900",,,,
1801,083-829-3291,45,TRUE,เติมเงิน,"19,900",,,,
1802,091-829-3654,47,TRUE,เติมเงิน,"24,900",,,,
1803,063-829-3941,45,TRUE,เติมเงิน,"19,900",,,,
1804,063-829-3953,48,TRUE,เติมเงิน,"19,900",,,,
1805,083-829-4146,45,TRUE,เติมเงิน,"34,900",,,,
1806,083-829-4246,46,TRUE,เติมเงิน,"34,900",,,,
1807,083-829-4264,46,TRUE,เติมเงิน,"24,900",,,,
1808,083-829-4451,44,TRUE,เติมเงิน,"24,900",,,,
1809,083-829-4695,54,TRUE,เติมเงิน,"39,900",,,,
1810,063-829-4697,54,TRUE,เติมเงิน,"29,900",,,,
1811,091-829-4954,51,TRUE,เติมเงิน,"24,900",,,,
1812,095-829-4954,55,TRUE,เติมเงิน,"24,900",,,,
1813,083-829-5141,41,TRUE,เติมเงิน,"19,900",,,,
1814,063-829-5161,41,TRUE,เติมเงิน,"19,900",,,,
1815,083-829-5195,50,TRUE,เติมเงิน,"39,900",,,,
1816,083-829-5414,44,TRUE,เติมเงิน,"24,900",,,,
1817,063-829-5494,50,TRUE,เติมเงิน,"24,900",,,,
1818,063-829-5461,44,TRUE,เติมเงิน,"19,900",,,,
1819,083-829-5519,50,TRUE,เติมเงิน,"34,900",,,,
1820,083-829-5564,50,TRUE,เติมเงิน,"24,900",,,,
1821,091-829-5565,50,TRUE,เติมเงิน,"34,900",,,,
1822,083-829-5646,51,TRUE,เติมเงิน,"34,900",,,,
1823,083-829-5694,54,TRUE,เติมเงิน,"24,900",,,,
1824,085-829-5695,57,TRUE,เติมเงิน,"39,900",,,,
1825,083-829-5924,50,TRUE,เติมเงิน,"24,900",,,,
1826,083-829-6141,42,TRUE,เติมเงิน,"19,900",,,,
1827,083-829-6194,50,TRUE,เติมเงิน,"24,900",,,,
1828,083-829-6195,51,TRUE,เติมเงิน,"39,900",,,,
1829,095-829-6414,48,TRUE,เติมเงิน,"24,900",,,,
1830,065-829-6429,51,TRUE,เติมเงิน,"29,900",,,,
1831,091-829-6466,51,TRUE,เติมเงิน,"34,900",,,,
1832,091-829-6615,47,TRUE,เติมเงิน,"39,900",,,,
1833,083-829-6645,51,TRUE,เติมเงิน,"39,900",,,,
1834,083-829-6951,51,TRUE,เติมเงิน,"29,900",,,,
1835,096-829-6993,61,TRUE,เติมเงิน,"17,900",,,,
1836,083-829-7919,56,TRUE,เติมเงิน,"29,900",,,,
1837,083-829-8264,50,TRUE,เติมเงิน,"24,900",,,,
1838,083-829-8291,50,TRUE,เติมเงิน,"19,900",,,,
1839,083-829-9141,45,TRUE,เติมเงิน,"19,900",,,,
1840,083-829-9146,50,TRUE,เติมเงิน,"34,900",,,,
1841,095-829-9155,53,TRUE,เติมเงิน,"29,900",,,,
1842,083-829-9195,54,TRUE,เติมเงิน,"39,900",,,,
1843,063-829-9239,51,TRUE,เติมเงิน,"29,900",,,,
1844,083-829-9264,51,TRUE,เติมเงิน,"24,900",,,,
1845,083-829-9495,57,TRUE,เติมเงิน,"39,900",,,,
1846,083-829-9591,54,TRUE,เติมเงิน,"19,900",,,,
1847,083-829-9615,51,TRUE,เติมเงิน,"39,900",,,,
1848,083-829-9646,55,TRUE,เติมเงิน,"34,900",,,,
1849,083-829-9691,55,TRUE,เติมเงิน,"19,900",,,,
1850,091-878-7954,58,TRUE,เติมเงิน,"22,900",,,,
1851,091-879-1993,56,TRUE,เติมเงิน,"17,900",,,,
1852,095-879-2263,51,TRUE,เติมเงิน,"17,900",,,,
1853,063-879-2359,52,TRUE,เติมเงิน,"39,900",,,,
1854,095-879-2989,66,TRUE,เติมเงิน,"34,900",,,,
1855,063-879-3224,44,TRUE,เติมเงิน,"24,900",,,,
1856,091-879-4159,53,TRUE,เติมเงิน,"39,900",,,,
1857,063-879-4636,52,TRUE,เติมเงิน,"39,900",,,,
1858,083-879-4659,59,TRUE,เติมเงิน,"39,900",,,,
1859,095-879-5166,56,TRUE,เติมเงิน,"39,900",,,,
1860,091-879-5193,52,TRUE,เติมเงิน,"17,900",,,,
1861,063-879-5464,52,TRUE,เติมเงิน,"24,900",,,,
1862,095-879-6155,55,TRUE,เติมเงิน,"29,900",,,,
1863,063-879-6159,54,TRUE,เติมเงิน,"39,900",,,,
1864,091-879-6397,59,TRUE,เติมเงิน,"39,900",,,,
1865,091-879-6399,61,TRUE,เติมเงิน,"29,900",,,,
1866,085-879-6414,52,TRUE,เติมเงิน,"24,900",,,,
1867,063-879-6424,49,TRUE,เติมเงิน,"24,900",,,,
1868,063-879-6599,62,TRUE,เติมเงิน,"29,900",,,,
1869,083-879-6926,58,TRUE,เติมเงิน,"39,900",,,,
1870,095-879-7965,65,TRUE,เติมเงิน,"39,900",,,,
1871,064-879-7966,62,TRUE,เติมเงิน,"34,900",,,,
1872,095-879-9565,63,TRUE,เติมเงิน,"39,900",,,,
1873,063-879-9654,57,TRUE,เติมเงิน,"24,900",,,,
1874,096-242-9415,42,TRUE,เติมเงิน,"39,900",,,,
1875,096-419-1565,46,TRUE,เติมเงิน,"39,900",,,,
